{
  "children_usd": 0.0,
  "currency": "USD",
  "direct_usd": 0.007342400000000001,
  "total_usd": 0.007342400000000001
}
