{
  "lambda": 0.3,
  "r_squeeze": 0.3,
  "beta": 2.0,
  "disc_global": 0.07771584293193755,
  "disc_local": 1.8006329651606077,
  "disc_gl_lo": 1.8227243613747566,
  "peaks_qm": [
    [
      0.843328125,
      259.5532816351469
    ],
    [
      1.1400546875000002,
      142.21905951465985
    ],
    [
      1.0151171875,
      58.150129577750725
    ],
    [
      0.6559218750000001,
      53.6777637188705
    ],
    [
      1.3118437500000002,
      36.877172116502535
    ],
    [
      0.5309843750000001,
      30.54612339591216
    ],
    [
      1.4211640625000002,
      24.357748643819544
    ],
    [
      0.4060468750000001,
      20.56579972389929
    ]
  ],
  "peaks_global": [
    [
      0.843328125,
      243.88095187437136
    ],
    [
      1.1400546875000002,
      157.27708836321014
    ],
    [
      0.9995,
      55.0871951390464
    ],
    [
      0.6559218750000001,
      50.10245521909011
    ],
    [
      1.3118437500000002,
      39.825685812493184
    ],
    [
      0.5309843750000001,
      28.358460450082088
    ],
    [
      1.4367812500000001,
      25.750018447735414
    ],
    [
      1.5617187500000003,
      19.638000400044604
    ]
  ],
  "peaks_local": [
    [
      0.93703125,
      387.7328418620435
    ],
    [
      1.1244375000000002,
      90.47984144415001
    ],
    [
      0.7652421875000001,
      75.42142362109264
    ],
    [
      1.2493750000000001,
      56.61275055999586
    ],
    [
      1.3743125,
      41.99455428397433
    ],
    [
      0.6403046875,
      39.850442341862916
    ],
    [
      1.4992500000000002,
      33.7678768137965
    ],
    [
      1.6241875000000003,
      28.45120592806053
    ]
  ],
  "K_diff_from_gibbs": 3.4720175780283453
}