{
  "parameters": {
    "tau": 0.01,
    "omega0": 1.0,
    "omega_max": 10.0,
    "dt": 0.05,
    "T": 20000.0,
    "N_ensemble": 200
  },
  "qm_ref": {
    "0.0": 0.5000000000000001,
    "0.2": 0.36996355769270944,
    "0.5": 0.3058136507175887,
    "1.0": 0.2571498214428077
  },
  "normalization": {
    "3": {
      "C_n": 0.01954057403358262,
      "var_calib": 25.58778463420241,
      "var_verified": 0.49216813479902366,
      "var_verified_std": 0.0011299814340743662
    },
    "2": {
      "C_n": 0.01977634577886274,
      "var_calib": 25.28272945826057,
      "var_verified": 0.49205212142324506,
      "var_verified_std": 0.0011434840518782946
    },
    "1": {
      "C_n": 0.019830546332209015,
      "var_calib": 25.21362707934546,
      "var_verified": 0.4920229940734633,
      "var_verified_std": 0.0011465125228071517
    },
    "0": {
      "C_n": 0.019772006784167056,
      "var_calib": 25.288277788797235,
      "var_verified": 0.4920468745424379,
      "var_verified_std": 0.0011430102746231281
    }
  },
  "raw_results": {
    "3": {
      "0.0": {
        "var_x_mean": 0.49216813479902366,
        "var_x_std": 0.0011299814340743662,
        "var_x_qm": 0.5000000000000001,
        "raw_err": -0.007831865200976451
      },
      "0.2": {
        "var_x_mean": 0.3914997635014211,
        "var_x_std": 0.0019398552938154937,
        "var_x_qm": 0.36996355769270944,
        "raw_err": 0.021536205808711684
      },
      "0.5": {
        "var_x_mean": 0.3371641832302298,
        "var_x_std": 0.0012797881634183793,
        "var_x_qm": 0.3058136507175887,
        "raw_err": 0.03135053251264108
      },
      "1.0": {
        "var_x_mean": 0.29262329470861187,
        "var_x_std": 0.000783931099308893,
        "var_x_qm": 0.2571498214428077,
        "raw_err": 0.03547347326580419
      }
    },
    "2": {
      "0.0": {
        "var_x_mean": 0.49205212142324506,
        "var_x_std": 0.0011434840518782946,
        "var_x_qm": 0.5000000000000001,
        "raw_err": -0.007947878576755052
      },
      "0.2": {
        "var_x_mean": 0.30637841815942374,
        "var_x_std": 0.0012231665411705287,
        "var_x_qm": 0.36996355769270944,
        "raw_err": -0.0635851395332857
      },
      "0.5": {
        "var_x_mean": 0.23242885009768127,
        "var_x_std": 0.0007659124320772786,
        "var_x_qm": 0.3058136507175887,
        "raw_err": -0.07338480061990743
      },
      "1.0": {
        "var_x_mean": 0.18311357294890176,
        "var_x_std": 0.0005097161781907819,
        "var_x_qm": 0.2571498214428077,
        "raw_err": -0.07403624849390592
      }
    },
    "1": {
      "0.0": {
        "var_x_mean": 0.4920229940734633,
        "var_x_std": 0.0011465125228071517,
        "var_x_qm": 0.5000000000000001,
        "raw_err": -0.007977005926536829
      },
      "0.2": {
        "var_x_mean": 0.2597352872488417,
        "var_x_std": 0.0010502773604485897,
        "var_x_qm": 0.36996355769270944,
        "raw_err": -0.11022827044386774
      },
      "0.5": {
        "var_x_mean": 0.1845691854623676,
        "var_x_std": 0.0005833765270012514,
        "var_x_qm": 0.3058136507175887,
        "raw_err": -0.12124446525522109
      },
      "1.0": {
        "var_x_mean": 0.13660599028037904,
        "var_x_std": 0.0003798990426961595,
        "var_x_qm": 0.2571498214428077,
        "raw_err": -0.12054383116242864
      }
    },
    "0": {
      "0.0": {
        "var_x_mean": 0.4920468745424379,
        "var_x_std": 0.0011430102746231281,
        "var_x_qm": 0.5000000000000001,
        "raw_err": -0.007953125457562216
      },
      "0.2": {
        "var_x_mean": 0.22728548903653376,
        "var_x_std": 0.0008712235148696276,
        "var_x_qm": 0.36996355769270944,
        "raw_err": -0.1426780686561757
      },
      "0.5": {
        "var_x_mean": 0.15557702133635284,
        "var_x_std": 0.000490855175808619,
        "var_x_qm": 0.3058136507175887,
        "raw_err": -0.15023662938123586
      },
      "1.0": {
        "var_x_mean": 0.11159419250464524,
        "var_x_std": 0.00028467991309837873,
        "var_x_qm": 0.2571498214428077,
        "raw_err": -0.14555562893816243
      }
    }
  },
  "fit_results": {
    "3": {
      "delta_e": {
        "0.0": 0.0,
        "0.2": 0.029368071009688135,
        "0.5": 0.039182397713617534,
        "1.0": 0.04330533846678064
      },
      "betas_fit": [
        0.2,
        0.5,
        1.0
      ],
      "alpha": 0.23419400485338085,
      "alpha_err": 0.050967209319822564,
      "C_fit": 0.04411665886245065,
      "ratio_info": {
        "observed": 1.3341835662509731,
        "predicted_0.40": 1.4426999059072136,
        "predicted_1.0": 2.5,
        "predicted_2.0": 6.25
      },
      "direction": "\u2193"
    },
    "2": {
      "delta_e": {
        "0.0": 0.0,
        "0.2": -0.055637260956530654,
        "0.5": -0.06543692204315238,
        "1.0": -0.06608836991715086
      },
      "betas_fit": [
        0.2,
        0.5,
        1.0
      ],
      "alpha": null,
      "alpha_err": null,
      "C_fit": null,
      "ratio_info": {
        "observed": 1.1761348585128624,
        "predicted_0.40": 1.4426999059072136,
        "predicted_1.0": 2.5,
        "predicted_2.0": 6.25
      },
      "direction": "\u2193"
    },
    "1": {
      "delta_e": {
        "0.0": 0.0,
        "0.2": -0.10225126451733091,
        "0.5": -0.11326745932868426,
        "1.0": -0.11256682523589182
      },
      "betas_fit": [
        0.2,
        0.5,
        1.0
      ],
      "alpha": null,
      "alpha_err": null,
      "C_fit": null,
      "ratio_info": {
        "observed": 1.1077365141972026,
        "predicted_0.40": 1.4426999059072136,
        "predicted_1.0": 2.5,
        "predicted_2.0": 6.25
      },
      "direction": "\u2193"
    },
    "0": {
      "delta_e": {
        "0.0": 0.0,
        "0.2": -0.13472494319861347,
        "0.5": -0.14228350392367364,
        "1.0": -0.1376025034806002
      },
      "betas_fit": [
        0.2,
        0.5,
        1.0
      ],
      "alpha": null,
      "alpha_err": null,
      "C_fit": null,
      "ratio_info": {
        "observed": 1.0561036475177223,
        "predicted_0.40": 1.4426999059072136,
        "predicted_1.0": 2.5,
        "predicted_2.0": 6.25
      },
      "direction": "\u2193"
    }
  }
}