{
  "0.0": 0.5000000000000001,
  "0.2": 0.36996355769270944,
  "0.5": 0.3058136507175887,
  "1.0": 0.2571498214428077
}