{
  "N5_coeffs": [
    -69.34301094203272,
    4.30828593379986,
    -38.44487520699036,
    -24.832206037953664,
    -37.30113073761652,
    -11.15106499462617,
    10.212791057340276,
    -94.74670460809315,
    87.61971308821448,
    -42.57454519718409,
    30.97161169185685,
    -30.92091040353102
  ],
  "N5_loss": 0.08096755265905253,
  "N5_eigs": [
    -15.758369049960715,
    -13.622810470190881,
    -0.9381359932915383,
    1.8600558799987637,
    5.230434450892145
  ],
  "status": "ok"
}