{
  "N": 15,
  "L": 10.0,
  "K": 20,
  "L_mode": "fixed",
  "loss": 0.002906363164480653,
  "coefficients": [
    40.547063400874904,
    -59.050846149751266,
    -50.31848918442005,
    -1.4938696966291067,
    -20.261775454660825,
    -60.39608137649244,
    -8.907045363857538,
    -23.981459436451544,
    -55.518720652806714,
    -17.855081666621025,
    6.032155970058703,
    -50.12516111091207,
    0.43718392110048526,
    3.9844675783577457,
    -9.483543796323628,
    -8.013843080651121,
    20.45733668247863,
    1.1688769897325317,
    2.4808419197547233,
    8.728129933286219
  ],
  "eigenvalues": [
    14.1299771190233,
    21.01983935178739,
    25.009605914288134,
    30.43794397916866,
    32.98948643201675,
    37.476523874427855,
    40.90074350555716,
    43.73708936494881,
    48.00924823965117,
    50.02523130038458,
    52.63879402839765,
    56.4537170936663,
    56.92467186042846,
    62.82564826466823,
    65.11773915802861
  ],
  "target_zeros": [
    14.134725141734695,
    21.022039638771556,
    25.01085758014569,
    30.424876125859512,
    32.93506158773919,
    37.586178158825675,
    40.9187190121475,
    43.327073280915,
    48.00515088116716,
    49.7738324776723,
    52.970321477714464,
    56.44624769706339,
    59.34704400260235,
    60.83177852460981,
    65.1125440480816
  ],
  "relative_errors_pct": [
    -0.0335911923563024,
    -0.010466572330633217,
    -0.005004489964187624,
    0.04295121286637576,
    0.16524895249570842,
    -0.291740979714565,
    -0.043929788185702826,
    0.9463276722510886,
    0.00853524759072823,
    0.505082309715764,
    -0.6258739612450633,
    0.013232760205769968,
    -4.081706482411611,
    3.2776778657750265,
    0.007978662211653035
  ],
  "max_error_pct": 4.081706482411611,
  "mean_error_pct": 0.6706232099546786,
  "V_x_values": [
    0.01,
    0.03,
    0.05,
    0.06999999999999999,
    0.09,
    0.11,
    0.13,
    0.15000000000000002,
    0.17,
    0.19,
    0.21000000000000002,
    0.23,
    0.25,
    0.27,
    0.29000000000000004,
    0.31,
    0.33,
    0.35000000000000003,
    0.37,
    0.39,
    0.41000000000000003,
    0.43,
    0.45,
    0.47000000000000003,
    0.49,
    0.51,
    0.53,
    0.55,
    0.5700000000000001,
    0.59,
    0.61,
    0.63,
    0.65,
    0.67,
    0.6900000000000001,
    0.7100000000000001,
    0.73,
    0.75,
    0.77,
    0.79,
    0.81,
    0.8300000000000001,
    0.85,
    0.87,
    0.89,
    0.91,
    0.93,
    0.9500000000000001,
    0.97,
    0.99,
    1.01,
    1.03,
    1.05,
    1.07,
    1.09,
    1.11,
    1.1300000000000001,
    1.1500000000000001,
    1.17,
    1.19,
    1.21,
    1.23,
    1.25,
    1.27,
    1.29,
    1.31,
    1.33,
    1.35,
    1.37,
    1.3900000000000001,
    1.4100000000000001,
    1.43,
    1.45,
    1.47,
    1.49,
    1.51,
    1.53,
    1.55,
    1.57,
    1.59,
    1.61,
    1.6300000000000001,
    1.6500000000000001,
    1.6700000000000002,
    1.69,
    1.71,
    1.73,
    1.75,
    1.77,
    1.79,
    1.81,
    1.83,
    1.85,
    1.87,
    1.8900000000000001,
    1.9100000000000001,
    1.93,
    1.95,
    1.97,
    1.99,
    2.01,
    2.03,
    2.05,
    2.07,
    2.09,
    2.11,
    2.13,
    2.15,
    2.17,
    2.19,
    2.21,
    2.23,
    2.25,
    2.27,
    2.29,
    2.31,
    2.3299999999999996,
    2.3499999999999996,
    2.3699999999999997,
    2.3899999999999997,
    2.4099999999999997,
    2.4299999999999997,
    2.4499999999999997,
    2.4699999999999998,
    2.4899999999999998,
    2.51,
    2.53,
    2.55,
    2.57,
    2.59,
    2.61,
    2.63,
    2.65,
    2.67,
    2.69,
    2.71,
    2.73,
    2.75,
    2.77,
    2.79,
    2.81,
    2.8299999999999996,
    2.8499999999999996,
    2.8699999999999997,
    2.8899999999999997,
    2.9099999999999997,
    2.9299999999999997,
    2.9499999999999997,
    2.9699999999999998,
    2.9899999999999998,
    3.01,
    3.03,
    3.05,
    3.07,
    3.09,
    3.11,
    3.13,
    3.15,
    3.17,
    3.19,
    3.21,
    3.23,
    3.25,
    3.27,
    3.29,
    3.31,
    3.33,
    3.3499999999999996,
    3.3699999999999997,
    3.3899999999999997,
    3.4099999999999997,
    3.4299999999999997,
    3.4499999999999997,
    3.4699999999999998,
    3.4899999999999998,
    3.51,
    3.53,
    3.55,
    3.57,
    3.59,
    3.61,
    3.63,
    3.65,
    3.67,
    3.69,
    3.71,
    3.73,
    3.75,
    3.77,
    3.79,
    3.81,
    3.83,
    3.8499999999999996,
    3.8699999999999997,
    3.8899999999999997,
    3.9099999999999997,
    3.9299999999999997,
    3.9499999999999997,
    3.9699999999999998,
    3.9899999999999998,
    4.01,
    4.03,
    4.05,
    4.07,
    4.09,
    4.109999999999999,
    4.13,
    4.1499999999999995,
    4.17,
    4.1899999999999995,
    4.21,
    4.2299999999999995,
    4.25,
    4.27,
    4.29,
    4.31,
    4.33,
    4.35,
    4.37,
    4.39,
    4.41,
    4.43,
    4.45,
    4.47,
    4.49,
    4.51,
    4.53,
    4.55,
    4.57,
    4.59,
    4.61,
    4.63,
    4.6499999999999995,
    4.67,
    4.6899999999999995,
    4.71,
    4.7299999999999995,
    4.75,
    4.77,
    4.79,
    4.81,
    4.83,
    4.85,
    4.87,
    4.89,
    4.91,
    4.93,
    4.95,
    4.97,
    4.99,
    5.01,
    5.03,
    5.05,
    5.07,
    5.09,
    5.11,
    5.13,
    5.1499999999999995,
    5.17,
    5.1899999999999995,
    5.21,
    5.2299999999999995,
    5.25,
    5.27,
    5.29,
    5.31,
    5.33,
    5.35,
    5.37,
    5.39,
    5.41,
    5.43,
    5.45,
    5.47,
    5.49,
    5.51,
    5.53,
    5.55,
    5.57,
    5.59,
    5.61,
    5.63,
    5.6499999999999995,
    5.67,
    5.6899999999999995,
    5.71,
    5.7299999999999995,
    5.75,
    5.77,
    5.79,
    5.81,
    5.83,
    5.85,
    5.87,
    5.89,
    5.91,
    5.93,
    5.95,
    5.97,
    5.99,
    6.01,
    6.03,
    6.05,
    6.07,
    6.09,
    6.11,
    6.13,
    6.15,
    6.17,
    6.1899999999999995,
    6.21,
    6.2299999999999995,
    6.25,
    6.27,
    6.29,
    6.31,
    6.33,
    6.35,
    6.37,
    6.39,
    6.41,
    6.43,
    6.45,
    6.47,
    6.49,
    6.51,
    6.53,
    6.55,
    6.57,
    6.59,
    6.61,
    6.63,
    6.65,
    6.67,
    6.6899999999999995,
    6.71,
    6.7299999999999995,
    6.75,
    6.77,
    6.79,
    6.81,
    6.83,
    6.85,
    6.87,
    6.89,
    6.91,
    6.93,
    6.95,
    6.97,
    6.99,
    7.01,
    7.03,
    7.05,
    7.07,
    7.09,
    7.11,
    7.13,
    7.15,
    7.17,
    7.1899999999999995,
    7.21,
    7.2299999999999995,
    7.25,
    7.27,
    7.29,
    7.31,
    7.33,
    7.35,
    7.37,
    7.39,
    7.41,
    7.43,
    7.45,
    7.47,
    7.49,
    7.51,
    7.53,
    7.55,
    7.57,
    7.59,
    7.61,
    7.63,
    7.65,
    7.67,
    7.6899999999999995,
    7.71,
    7.7299999999999995,
    7.75,
    7.77,
    7.79,
    7.81,
    7.83,
    7.85,
    7.87,
    7.89,
    7.91,
    7.93,
    7.95,
    7.97,
    7.99,
    8.01,
    8.03,
    8.05,
    8.07,
    8.09,
    8.11,
    8.13,
    8.15,
    8.17,
    8.19,
    8.209999999999999,
    8.23,
    8.25,
    8.27,
    8.29,
    8.31,
    8.33,
    8.35,
    8.37,
    8.39,
    8.41,
    8.43,
    8.45,
    8.47,
    8.49,
    8.51,
    8.53,
    8.55,
    8.57,
    8.59,
    8.61,
    8.63,
    8.65,
    8.67,
    8.69,
    8.71,
    8.73,
    8.75,
    8.77,
    8.79,
    8.81,
    8.83,
    8.85,
    8.87,
    8.89,
    8.91,
    8.93,
    8.95,
    8.97,
    8.99,
    9.01,
    9.03,
    9.05,
    9.07,
    9.09,
    9.11,
    9.13,
    9.15,
    9.17,
    9.19,
    9.21,
    9.23,
    9.25,
    9.27,
    9.29,
    9.31,
    9.33,
    9.35,
    9.37,
    9.39,
    9.41,
    9.43,
    9.45,
    9.47,
    9.49,
    9.51,
    9.53,
    9.55,
    9.57,
    9.59,
    9.61,
    9.63,
    9.65,
    9.67,
    9.69,
    9.71,
    9.73,
    9.75,
    9.77,
    9.79,
    9.81,
    9.83,
    9.85,
    9.87,
    9.89,
    9.91,
    9.93,
    9.95,
    9.97,
    9.99
  ],