{
  "0.1": {
    "omega_plus": 1.0488088481701516,
    "omega_minus": 0.9486832980505138,
    "peaks_qm": [
      [
        1.0775859375,
        312.9503358515988
      ],
      [
        0.9214140625000001,
        303.326038605131
      ],
      [
        1.2337578125000002,
        111.02964507562683
      ],
      [
        0.7652421875000001,
        88.38052594031149
      ],
      [
        1.3743125,
        74.01747526444355
      ],
      [
        1.4992500000000002,
        57.145949636456024
      ],
      [
        0.6246875000000001,
        49.890914108237375
      ],
      [
        1.6241875000000003,
        47.03107698724846
      ],
      [
        1.749125,
        40.22929137557073
      ],
      [
        1.8740625,
        35.30943756215882
      ]
    ],
    "peaks_global": [
      [
        0.9995,
        656.6645301679506
      ],
      [
        1.18690625,
        151.5964732164327
      ],
      [
        0.8277109375,
        127.62434280215257
      ],
      [
        1.3118437500000002,
        94.99240014708043
      ],
      [
        1.4367812500000001,
        70.46854845064979
      ],
      [
        0.68715625,
        68.01338228513221
      ],
      [
        1.5617187500000003,
        56.65337474881438
      ],
      [
        1.68665625,
        47.72438767987296
      ],
      [
        0.5622187500000001,
        42.96879102296509
      ],
      [
        1.8115937500000003,
        41.44094473343634
      ]
    ],
    "peaks_diff": [
      [
        0.9995,
        503.87664952949257
      ]
    ]
  },
  "0.2": {
    "omega_plus": 1.0954451150103321,
    "omega_minus": 0.8944271909999159,
    "peaks_qm": [
      [
        0.8901796875000001,
        313.43709780081457
      ],
      [
        1.093203125,
        311.82126711013075
      ],
      [
        1.280609375,
        79.88127547565031
      ],
      [
        0.7027734375000001,
        64.03040879222706
      ],
      [
        1.4211640625000002,
        51.95669633000939
      ],
      [
        1.5461015625,
        39.9127498849909
      ],
      [
        0.5778359375000001,
        35.26616707259525
      ],
      [
        1.6710390625,
        32.78557799251029
      ],
      [
        1.7959765625000002,
        28.020278541347846
      ],
      [
        1.9209140625,
        24.582640260135594
      ]
    ],
    "peaks_global": [
      [
        0.9995,
        656.6645301679506
      ],
      [
        1.18690625,
        151.5964732164327
      ],
      [
        0.8277109375,
        127.62434280215257
      ],
      [
        1.3118437500000002,
        94.99240014708043
      ],
      [
        1.4367812500000001,
        70.46854845064979
      ],
      [
        0.68715625,
        68.01338228513221
      ],
      [
        1.5617187500000003,
        56.65337474881438
      ],
      [
        1.68665625,
        47.72438767987296
      ],
      [
        0.5622187500000001,
        42.96879102296509
      ],
      [
        1.8115937500000003,
        41.44094473343634
      ]
    ],
    "peaks_diff": [
      [
        0.9995,
        776.6671233980909
      ],
      [
        1.2493750000000001,
        57.16555609028081
      ],
      [
        0.7496250000000001,
        36.971500410831034
      ],
      [
        1.3586953125,
        33.56600741391906
      ],
      [
        0.6246875000000001,
        18.89804765623083
      ]
    ]
  },
  "0.3": {
    "omega_plus": 1.140175425099138,
    "omega_minus": 0.8366600265340756,
    "peaks_qm": [
      [
        1.1400546875000002,
        340.801797491561
      ],
      [
        0.843328125,
        337.7137754871403
      ],
      [
        0.9995,
        83.22782226709177
      ],
      [
        1.3118437500000002,
        82.18520857395008
      ],
      [
        0.6559218750000001,
        67.63764970696292
      ],
      [
        1.4367812500000001,
        51.616534226160994
      ],
      [
        1.5617187500000003,
        38.68707266171861
      ],
      [
        0.5309843750000001,
        37.50701964948699
      ],
      [
        1.68665625,
        31.398853538543126
      ],
      [
        1.8115937500000003,
        26.657346035472344
      ]
    ],
    "peaks_global": [
      [
        0.9995,
        656.6645301679506
      ],
      [
        1.18690625,
        151.5964732164327
      ],
      [
        0.8277109375,
        127.62434280215257
      ],
      [
        1.3118437500000002,
        94.99240014708043
      ],
      [
        1.4367812500000001,
        70.46854845064979
      ],
      [
        0.68715625,
        68.01338228513221
      ],
      [
        1.5617187500000003,
        56.65337474881438
      ],
      [
        1.68665625,
        47.72438767987296
      ],
      [
        0.5622187500000001,
        42.96879102296509
      ],
      [
        1.8115937500000003,
        41.44094473343634
      ]
    ],
    "peaks_diff": [
      [
        1.0307343750000002,
        606.3992990017188
      ],
      [
        0.6559218750000001,
        51.04595545224602
      ],
      [
        1.3586953125,
        31.53809516590355
      ],
      [
        0.5309843750000001,
        27.5807825504027
      ],
      [
        1.4836328125,
        23.556561444434333
      ],
      [
        1.6085703125000004,
        19.519551038983266
      ],
      [
        0.4060468750000001,
        17.704601558625804
      ],
      [
        1.7335078125,
        16.882957144844976
      ],
      [
        1.8584453125000002,
        14.967326678343477
      ],
      [
        1.9833828125000001,
        13.491696568938014
      ]
    ]
  },
  "0.5": {
    "omega_plus": 1.224744871391589,
    "omega_minus": 0.7071067811865476,
    "peaks_qm": [
      [
        0.7027734375000001,
        343.97809864596667
      ],
      [
        1.2337578125000002,
        339.29737842634086
      ],
      [
        1.4055468750000002,
        88.7064703419979
      ],
      [
        0.5309843750000001,
        86.20672112087512
      ],
      [
        1.5304843750000001,
        57.14385317039643
      ],
      [
        0.8745625,
        56.55939645721094
      ],
      [
        0.4060468750000001,
        53.789763287795
      ],
      [
        1.0619687500000001,
        47.69159468408886
      ],
      [
        1.655421875,
        43.07315116604105
      ],
      [
        0.28110937500000005,
        39.06782268891047
      ]
    ],
    "peaks_global": [
      [
        0.9995,
        656.6645301679506
      ],
      [
        1.18690625,
        151.5964732164327
      ],
      [
        0.8277109375,
        127.62434280215257
      ],
      [
        1.3118437500000002,
        94.99240014708043
      ],
      [
        1.4367812500000001,
        70.46854845064979
      ],
      [
        0.68715625,
        68.01338228513221
      ],
      [
        1.5617187500000003,
        56.65337474881438
      ],
      [
        1.68665625,
        47.72438767987296
      ],
      [
        0.5622187500000001,
        42.96879102296509
      ],
      [
        1.8115937500000003,
        41.44094473343634
      ]
    ],
    "peaks_diff": [
      [
        0.9995,
        671.529434486045
      ],
      [
        1.2025234375,
        418.1397923093203
      ],
      [
        0.7027734375000001,
        319.1674669913209
      ],
      [
        0.5309843750000001,
        74.8272327342274
      ],
      [
        1.3743125,
        68.3701806735494
      ],
      [
        0.4060468750000001,
        45.966885539361854
      ],
      [
        1.4992500000000002,
        43.21314451652943
      ],
      [
        0.2967265625,
        33.927013119497005
      ],
      [
        0.07808593750000001,
        33.31859447717871
      ],
      [
        1.6241875000000003,
        32.94476141542934
      ]
    ]
  }
}