{
  "B1_bandlimited": {
    "2": {
      "max_C_eff": 1.3045850772510414,
      "mean_C_eff": 0.4020500013392224,
      "std_C_eff": 0.013662143842932555,
      "ratio_max": 1.5774910244873537,
      "ratio_mean": 0.48615477791925327
    },
    "4": {
      "max_C_eff": 0.27013855175004026,
      "mean_C_eff": 0.23670317777928498,
      "std_C_eff": 0.002850354071366641,
      "ratio_max": 0.3266487929262881,
      "ratio_mean": 0.28621907833045346
    },
    "8": {
      "max_C_eff": 0.14297503374383802,
      "mean_C_eff": 0.14027126978997292,
      "std_C_eff": 0.0006068177645216853,
      "ratio_max": 0.1728839585777969,
      "ratio_mean": 0.16961459466744006
    },
    "12": {
      "max_C_eff": 0.11718085120745979,
      "mean_C_eff": 0.11593715919053868,
      "std_C_eff": 0.00045038080097749284,
      "ratio_max": 0.14169389505134194,
      "ratio_mean": 0.14019003529690288
    }
  },
  "B2_powerlaw": {
    "0.8333333333333334": {
      "mean_C_eff": 0.20242441515303608,
      "std_C_eff": 0.002160955333758894,
      "max_C_eff": 0.2084240754503916,
      "min_C_eff": 0.19625145525089496,
      "ratio_mean": 0.24476954673885865,
      "ratio_max": 0.2520242750307033
    },
    "1.0": {
      "mean_C_eff": 0.2134453043529677,
      "std_C_eff": 0.0030375037439924753,
      "max_C_eff": 0.22184239288489396,
      "min_C_eff": 0.20224184353997623,
      "ratio_mean": 0.2580958940180988,
      "ratio_max": 0.2682495681800411
    },
    "1.5": {
      "mean_C_eff": 0.2757585490803725,
      "std_C_eff": 0.011967391469611094,
      "max_C_eff": 0.3056320533336993,
      "min_C_eff": 0.24357915624461376,
      "ratio_mean": 0.3334444366147189,
      "ratio_max": 0.3695671745268432
    },
    "1.8333333333333333": {
      "mean_C_eff": 0.35024079121180823,
      "std_C_eff": 0.025226741734736498,
      "max_C_eff": 0.4210265384718636,
      "min_C_eff": 0.2769528524910874,
      "ratio_mean": 0.4235076072694175,
      "ratio_max": 0.509101013871661
    }
  },
  "B3_divfree": {
    "4": {
      "mean_divfree": 0.2044161284388995,
      "std_divfree": 0.0017677903122667647,
      "mean_scalar": 0.23646329130155108,
      "std_scalar": 0.0028240515714109296,
      "ratio_divfree_scalar": 0.8644729899247522
    },
    "8": {
      "mean_divfree": 0.1211690790946825,
      "std_divfree": 0.0003726020890936593,
      "mean_scalar": 0.1402828522742489,
      "std_scalar": 0.0006037859412896145,
      "ratio_divfree_scalar": 0.8637483279695546
    }
  },
  "B4_ns_spectrum": {
    "100": {
      "mean_C_eff": 0.3617952061343203,
      "std_C_eff": 0.028082625420722224,
      "max_C_eff": 0.4240376087497314,
      "min_C_eff": 0.28009657494539564,
      "ratio_mean": 0.4374790884332773
    },
    "1000": {
      "mean_C_eff": 0.3512328324683913,
      "std_C_eff": 0.025152820583625054,
      "max_C_eff": 0.4239143604200332,
      "min_C_eff": 0.2787694669593913,
      "ratio_mean": 0.42470717348052156
    },
    "10000": {
      "mean_C_eff": 0.3530613780810854,
      "std_C_eff": 0.023908138725591083,
      "max_C_eff": 0.4099258203434138,
      "min_C_eff": 0.26710711384757907,
      "ratio_mean": 0.4269182322624975
    }
  },
  "verification": {
    "N64_k0_4_max": 0.2653321391788156,
    "N64_k0_4_mean": 0.23698168701311595,
    "N64_alpha_11_6_mean": 0.24766041654368842
  }
}