{
  "N": 2000,
  "compute_time_s": 310.9233400821686,
  "t_min": 14.134725141734695,
  "t_max": 2515.286482924713,
  "x_min": -0.4257221272566815,
  "x_max": 1998.5048756192275,
  "mean_spacing": 0.9999652815139991,
  "std_spacing": 0.3845210062463308
}