{
  "t_values": [
    0.1,
    0.6050632911392405,
    1.1101265822784812,
    1.6151898734177217,
    2.1202531645569622,
    2.6253164556962028,
    3.1303797468354433,
    3.635443037974684,
    4.140506329113924,
    4.6455696202531644,
    5.150632911392405,
    5.6556962025316455,
    6.160759493670886,
    6.665822784810127,
    7.170886075949367,
    7.675949367088608,
    8.181012658227848,
    8.686075949367089,
    9.19113924050633,
    9.69620253164557,
    10.20126582278481,
    10.70632911392405,
    11.211392405063291,
    11.716455696202532,
    12.221518987341772,
    12.726582278481013,
    13.231645569620254,
    13.736708860759494,
    14.241772151898735,
    14.746835443037975,
    15.251898734177216,
    15.756962025316456,
    16.2620253164557,
    16.76708860759494,
    17.27215189873418,
    17.77721518987342,
    18.28227848101266,
    18.7873417721519,
    19.29240506329114,
    19.797468354430382,
    20.302531645569623,
    20.807594936708863,
    21.312658227848104,
    21.817721518987344,
    22.322784810126585,
    22.827848101265825,
    23.332911392405066,
    23.837974683544306,
    24.343037974683547,
    24.848101265822788,
    25.353164556962028,
    25.85822784810127,
    26.36329113924051,
    26.86835443037975,
    27.37341772151899,
    27.87848101265823,
    28.38354430379747,
    28.888607594936712,
    29.393670886075952,
    29.898734177215193,
    30.403797468354433,
    30.908860759493674,
    31.413924050632914,
    31.918987341772155,
    32.424050632911396,
    32.92911392405063,
    33.43417721518988,
    33.93924050632912,
    34.44430379746836,
    34.949367088607595,
    35.45443037974684,
    35.95949367088608,
    36.46455696202532,
    36.96962025316456,
    37.4746835443038,
    37.979746835443045,
    38.48481012658228,
    38.98987341772152,
    39.49493670886076,
    40.0
  ],
  "xi_zeta_real": [
    0.4970059308111079,
    0.4929322511102451,
    0.4831516296145471,
    0.4679813568482865,
    0.4479067558281277,
    0.4235568500806769,
    0.3956734300316973,
    0.3650755383746403,
    0.33262163517769133,
    0.2991717669608213,
    0.26555195218978084,
    0.23252272549610056,
    0.20075338456991948,
    0.1708029969357847,
    0.1431086939635506,
    0.1179812525200503,
    0.09560748303177148,
    0.07605854142856473,
    0.05930298640712429,
    0.04522322605832619,
    0.03363394076715082,
    0.02430112331766413,
    0.016960524496289556,
    0.01133450930780587,
    0.00714658824679958,
    0.004133162806926388,
    0.0020522899052102367,
    0.0006895059293089758,
    -0.00013905682647970822,
    -0.000585888770644384,
    -0.0007731988172757539,
    -0.0007953957618136024,
    -0.0007224742957598877,
    -0.0006038701383575463,
    -0.0004724179328182555,
    -0.0003481275720158587,
    -0.00024157967905487257,
    -0.00015682110252394744,
    -9.371075416532142e-05,
    -4.972148669336489e-05,
    -2.1243680554269226e-05,
    -4.461246636389023e-06,
    4.117377348328037e-06,
    7.389388407263612e-06,
    7.57151291868776e-06,
    6.231469527209313e-06,
    4.384404933211491e-06,
    2.6155641108674545e-06,
    1.2031547565340805e-06,
    2.2602355912328747e-07,
    -3.510105810539623e-07,
    -6.155288222462723e-07,
    -6.673348597637101e-07,
    -5.956180574062299e-07,
    -4.6879135619252286e-07,
    -3.326325359590926e-07,
    -2.1312053660551178e-07,
    -1.2129664284780833e-07,
    -5.8392430573889084e-08,
    -2.0235334768775374e-08,
    -5.186654941792198e-10,
    7.0961496375074254e-09,
    7.86422044134382e-09,
    5.561909520048063e-09,
    2.543179416628723e-09,
    2.438833228960203e-11,
    -1.5622665323020232e-09,
    -2.2440112695485406e-09,
    -2.2577788128137015e-09,
    -1.886056798624654e-09,
    -1.3677969321544748e-09,
    -8.646480762126501e-10,
    -4.616170767590947e-10,
    -1.846570411069953e-10,
    -2.286658382316083e-11,
    5.1881948512440974e-11,
    7.096468026602544e-11,
    6.101526871585253e-11,
    4.078124186493232e-11,
    2.1176217079072258e-11
  ],
  "xi_dh_real": [
    1.4178034297964854,
    1.3770199066105713,
    1.2825127838968293,
    1.0932276042844125,
    0.9058076545222616,
    0.6967210727931654,
    0.4872220093838902,
    0.31492811717869784,
    0.16662900769657063,
    0.06222023241932785,
    -0.005420212528791286,
    -0.04235790837985325,
    -0.053051427614787074,
    -0.049820858830001376,
    -0.03753584775224996,
    -0.02376373519817213,
    -0.011593204641215028,
    -0.0028645613798056195,
    0.001961579287590295,
    0.0038918385034810445,
    0.0037231937082787907,
    0.0026988559558255363,
    0.0014556428181452326,
    0.0004957060641131248,
    -6.915175047368773e-05,
    -0.00027914219740157465,
    -0.00025717159875444267,
    -0.0001457733605217885,
    -2.7971034132925118e-05,
    4.3051301592572075e-05,
    6.789342014020681e-05,
    5.719314006096105e-05,
    3.3692300926345165e-05,
    1.0974758504889418e-05,
    -2.9173848871732675e-06,
    -7.820587032856361e-06,
    -6.690901906243631e-06,
    -3.2016316934972745e-06,
    -9.252874474956074e-08,
    1.6177530575636243e-06,
    1.8905114107473599e-06,
    1.396411542131985e-06,
    6.920053950213615e-07,
    1.873067989713038e-07,
    -4.793925065531892e-08,
    -6.665455200712022e-08,
    -2.5344356070212464e-09,
    6.04864918181302e-08,
    8.053297405366816e-08,
    6.506763856659865e-08,
    3.431816611249567e-08,
    8.110228339864047e-09,
    -5.635175449785956e-09,
    -8.010157883757597e-09,
    -4.5146752216269085e-09,
    -3.128297003648744e-10,
    2.047601441059275e-09,
    2.272292215076629e-09,
    1.380906618433345e-09,
    3.607487060379882e-10,
    -2.1153565822842716e-10,
    -3.2541894781321376e-10,
    -1.793912356485805e-10,
    -1.2706464642086701e-11,
    7.223121841079595e-11,
    6.613992462516373e-11,
    2.2871955419062208e-11,
    -1.5539343016739742e-11,
    -2.8356364747480766e-11,
    -2.1959966098866195e-11,
    -8.608787431143774e-12,
    8.685243972317777e-13,
    3.975762004973215e-12,
    2.4666100479148422e-12,
    -7.29901217002593e-14,
    -1.6500973892769234e-12,
    -1.7728643518460505e-12,
    -1.131812205554141e-12,
    -4.2417969516158976e-13,
    -4.9915853992584283e-14
  ],