{
  "0.0": {
    "E0": 0.5,
    "E0_PT": 0.5,
    "var_x": 0.5000000000000001,
    "x4_exp": 0.7500000000000002,
    "PE": 0.25000000000000006
  },
  "0.01": {
    "E0": 0.5072562045246027,
    "E0_PT": 0.5072374999999999,
    "var_x": 0.4861684061081668,
    "x4_exp": 0.7029266138811988,
    "PE": 0.2501134691928954
  },
  "0.05": {
    "E0": 0.5326427547718589,
    "E0_PT": 0.5309375,
    "var_x": 0.44582235824066085,
    "x4_exp": 0.5788026435413217,
    "PE": 0.2518513112973965
  },
  "0.1": {
    "E0": 0.5591463271835196,
    "E0_PT": 0.54875,
    "var_x": 0.4125253683836503,
    "x4_exp": 0.4887365293328977,
    "PE": 0.2551363371251149
  },
  "0.2": {
    "E0": 0.6024051636862496,
    "E0_PT": 0.545,
    "var_x": 0.36996355769270967,
    "x4_exp": 0.38740267665589995,
    "PE": 0.26246231417753485
  },
  "0.5": {
    "E0": 0.6961758207651466,
    "E0_PT": 0.21875,
    "var_x": 0.3058136507175888,
    "x4_exp": 0.2602414466983746,
    "PE": 0.28302754870798175
  },
  "1.0": {
    "E0": 0.8037706512342745,
    "E0_PT": -1.375,
    "var_x": 0.2571498214428138,
    "x4_exp": 0.18220694326382436,
    "PE": 0.3107818539852313
  }
}