{
  "0.0": {
    "var_x_sed": 0.5154589713535023,
    "var_x_qm": 0.5000000000000001,
    "std_var": 0.007409025150765109,
    "frac_diff": 0.030917942707004313,
    "mean_x": 0.007363942787381134,
    "x4_sed": 0.7985733919622218,
    "x4_qm": 0.7500000000000002,
    "PE_sed": 0.25772948567675114,
    "PE_qm": 0.25000000000000006,
    "n_samples": 10000
  },
  "0.1": {
    "var_x_sed": 0.735273642909929,
    "var_x_qm": 0.4125253683836503,
    "std_var": 0.013693041392223156,
    "frac_diff": 0.7823719442779129,
    "mean_x": -0.006141520928251944,
    "x4_sed": 1.8585105891353888,
    "x4_qm": 0.4887365293328977,
    "PE_sed": 0.5534878803685034,
    "PE_qm": 0.2551363371251149,
    "n_samples": 10000
  },
  "0.5": {
    "var_x_sed": 1.6667329200589533,
    "var_x_qm": 0.3058136507175888,
    "std_var": 0.029458671160029908,
    "frac_diff": 4.450158670641354,
    "mean_x": -0.011426976022560499,
    "x4_sed": 9.152767795381223,
    "x4_qm": 0.2602414466983746,
    "PE_sed": 5.409750357720088,
    "PE_qm": 0.28302754870798175,
    "n_samples": 10000
  },
  "1.0": {
    "var_x_sed": 2.4107804687128627,
    "var_x_qm": 0.2571498214428138,
    "std_var": 0.042619837114734715,
    "frac_diff": 8.375003471464527,
    "mean_x": 0.033237686303078565,
    "x4_sed": 18.978647946437885,
    "x4_qm": 0.18220694326382436,
    "PE_sed": 20.184038180794317,
    "PE_qm": 0.3107818539852313,
    "n_samples": 10000
  },
  "0.01": {
    "var_x_sed": 0.5292027813871988,
    "var_x_qm": 0.4861684061081668,
    "std_var": 0.007914673526048391,
    "frac_diff": 0.08851742469965712,
    "mean_x": 5.116956123316783e-05,
    "x4_sed": 0.8248014300865673,
    "x4_qm": 0.7029266138811988,
    "PE_sed": 0.2728494049944651,
    "PE_qm": 0.2501134691928954,
    "n_samples": 10000
  },
  "0.05": {
    "var_x_sed": 0.6097958415212877,
    "var_x_qm": 0.44582235824066085,
    "std_var": 0.010073396502903231,
    "frac_diff": 0.3678000446808274,
    "mean_x": -0.006323332689471314,
    "x4_sed": 1.1514041879284835,
    "x4_qm": 0.5788026435413217,
    "PE_sed": 0.362468130157068,
    "PE_qm": 0.2518513112973965,
    "n_samples": 10000
  },
  "0.2": {
    "var_x_sed": 1.0750368690156833,
    "var_x_qm": 0.36996355769270967,
    "std_var": 0.020093425126611622,
    "frac_diff": 1.9057912506847632,
    "mean_x": -0.0005206962446434979,
    "x4_sed": 4.140522140284024,
    "x4_qm": 0.38740267665589995,
    "PE_sed": 1.3656228625646465,
    "PE_qm": 0.26246231417753485,
    "n_samples": 10000
  },
  "0.001": {
    "var_x_sed": 0.5141411519646892,
    "var_x_qm": NaN,
    "std_var": 0.007408322466439982,
    "frac_diff": null,
    "mean_x": 0.008988344298916897,
    "x4_sed": 0.8083373219447789,
    "x4_qm": NaN,
    "PE_sed": 0.2578789133042894,
    "PE_qm": NaN,
    "n_samples": 10000
  }
}