{
  "children_usd": 0.0,
  "currency": "USD",
  "direct_usd": 0.0022475999999999998,
  "total_usd": 0.0022475999999999998
}
