{
  "primes": [
    503,
    601,
    701,
    809,
    853,
    907,
    997,
    1009,
    1103,
    1201,
    1301,
    1399,
    1499,
    1601,
    1699,
    1801,
    1999,
    2003,
    2503,
    3001,
    5003
  ],
  "beta_wigner": [
    0.685,
    0.856,
    0.796,
    1.154,
    0.731,
    0.855,
    1.092,
    0.809,
    0.7,
    0.675,
    0.961,
    0.946,
    0.818,
    1.061,
    1.027,
    1.12,
    0.953,
    0.8,
    0.664,
    0.995,
    1.081
  ],
  "N_squared_over_p": [
    497.0178926441352,
    415.97337770382694,
    356.6333808844508,
    309.02348578491967,
    293.08323563892145,
    275.63395810363835,
    250.75225677031094,
    247.7700693756194,
    226.65457842248412,
    208.15986677768527,
    192.1598770176787,
    178.69907076483202,
    166.77785190126752,
    156.1524047470331,
    147.14537963507945,
    138.811771238201,
    125.06253126563281,
    124.81278082875687,
    99.88014382740711,
    83.30556481172943,
    49.970017989206475
  ],
  "max_beta": 1.154,
  "max_beta_at_p": 809,
  "conclusion": "Beta does not trend toward 2. Peaks at p=809 (beta=1.154), then non-monotone with overall decline for large p."
}