{
  "beta0.0_omax10_tau0.01": {
    "beta": 0.0,
    "omega_max": 10,
    "tau": 0.01,
    "dt": 0.3141592653589793,
    "N_t": 63661,
    "n_samp_per_traj": 51,
    "var_x_ald": 0.5389887126528917,
    "var_x_qm": 0.5,
    "std_var": 0.008419679469338501,
    "frac_diff": 0.07797742530578344,
    "nsig": 4.630664717686088,
    "mean_x": -0.00545675299308778,
    "x4_ald": 0.8481498235276508,
    "n_unstable": 0,
    "n_samples": 10200,
    "elapsed_s": 2.9547119140625
  },
  "beta0.0_omax20_tau0.01": {
    "beta": 0.0,
    "omega_max": 20,
    "tau": 0.01,
    "dt": 0.15707963267948966,
    "N_t": 127323,
    "n_samp_per_traj": 51,
    "var_x_ald": 0.5125009839983277,
    "var_x_qm": 0.5,
    "std_var": 0.007696146896152995,
    "frac_diff": 0.025001967996655328,
    "nsig": 1.6243172287390228,
    "mean_x": 0.003929388365643811,
    "x4_ald": 0.792823290498823,
    "n_unstable": 0,
    "n_samples": 10200,
    "elapsed_s": 5.728423833847046
  },
  "beta0.0_omax30_tau0.01": {
    "beta": 0.0,
    "omega_max": 30,
    "tau": 0.01,
    "dt": 0.10471975511965977,
    "N_t": 190985,
    "n_samp_per_traj": 51,
    "var_x_ald": 0.5253247579523758,
    "var_x_qm": 0.5,
    "std_var": 0.007305401989762589,
    "frac_diff": 0.05064951590475153,
    "nsig": 3.4665796608953983,
    "mean_x": 0.007055409959692886,
    "x4_ald": 0.8267131078203565,
    "n_unstable": 0,
    "n_samples": 10200,
    "elapsed_s": 10.704493761062622
  },
  "beta1.0_omax10_tau0.01": {
    "beta": 1.0,
    "omega_max": 10,
    "tau": 0.01,
    "dt": 0.3141592653589793,
    "N_t": 63661,
    "n_samp_per_traj": 51,
    "var_x_ald": NaN,
    "var_x_qm": 0.2571,
    "std_var": NaN,
    "frac_diff": null,
    "nsig": null,
    "mean_x": NaN,
    "x4_ald": NaN,
    "n_unstable": 0,
    "n_samples": 10200,
    "elapsed_s": 2.883957862854004
  },
  "beta1.0_omax20_tau0.01": {
    "beta": 1.0,
    "omega_max": 20,
    "tau": 0.01,
    "dt": 0.15707963267948966,
    "N_t": 127323,
    "n_samp_per_traj": 51,
    "var_x_ald": NaN,
    "var_x_qm": 0.2571,
    "std_var": NaN,
    "frac_diff": null,
    "nsig": null,
    "mean_x": NaN,
    "x4_ald": NaN,
    "n_unstable": 0,
    "n_samples": 10200,
    "elapsed_s": 5.643413066864014
  },
  "beta1.0_omax30_tau0.01": {
    "beta": 1.0,
    "omega_max": 30,
    "tau": 0.01,
    "dt": 0.10471975511965977,
    "N_t": 190985,
    "n_samp_per_traj": 51,
    "var_x_ald": 0.3160174124240351,
    "var_x_qm": 0.2571,
    "std_var": 0.0036814756717778274,
    "frac_diff": 0.22916146411526678,
    "nsig": 16.003748952001953,
    "mean_x": 0.0014823360471375117,
    "x4_ald": 0.2521649635420191,
    "n_unstable": 0,
    "n_samples": 10200,
    "elapsed_s": 10.600412845611572
  },
  "beta0.1_omax10_tau0.01": {
    "beta": 0.1,
    "omega_max": 10,
    "tau": 0.01,
    "dt": 0.3141592653589793,
    "N_t": 63661,
    "n_samp_per_traj": 51,
    "var_x_ald": 0.4864745941773239,
    "var_x_qm": 0.4125,
    "std_var": 0.006454743772012188,
    "frac_diff": 0.1793323495207853,
    "nsig": 11.460500492378685,
    "mean_x": -0.015073930869427255,
    "x4_ald": 0.676967567137216,
    "n_unstable": 0,
    "n_samples": 10200,
    "elapsed_s": 2.8840458393096924
  },
  "beta0.1_omax20_tau0.01": {
    "beta": 0.1,
    "omega_max": 20,
    "tau": 0.01,
    "dt": 0.15707963267948966,
    "N_t": 127323,
    "n_samp_per_traj": 51,
    "var_x_ald": 0.4481568518777441,
    "var_x_qm": 0.4125,
    "std_var": 0.006520029547739696,
    "frac_diff": 0.0864408530369555,
    "nsig": 5.4688175286115595,
    "mean_x": -0.0001591694491010994,
    "x4_ald": 0.5606922291469183,
    "n_unstable": 0,
    "n_samples": 10200,
    "elapsed_s": 5.709151983261108
  },
  "beta0.1_omax30_tau0.01": {
    "beta": 0.1,
    "omega_max": 30,
    "tau": 0.01,
    "dt": 0.10471975511965977,
    "N_t": 190985,
    "n_samp_per_traj": 51,
    "var_x_ald": 0.44558207033074776,
    "var_x_qm": 0.4125,
    "std_var": 0.006359025602923349,
    "frac_diff": 0.08019895837757038,
    "nsig": 5.202380426891096,
    "mean_x": 5.006267176343847e-05,
    "x4_ald": 0.5489380517849592,
    "n_unstable": 0,
    "n_samples": 10200,
    "elapsed_s": 10.62155294418335
  },
  "beta0.0_omax10_tau0.005": {
    "beta": 0.0,
    "omega_max": 10,
    "tau": 0.005,
    "dt": 0.3141592653589793,
    "N_t": 63661,
    "n_samp_per_traj": 51,
    "var_x_ald": 0.5453234940660654,
    "var_x_qm": 0.5,
    "std_var": 0.010287556841268248,
    "frac_diff": 0.09064698813213079,
    "nsig": 4.405661593455451,
    "mean_x": -0.004829563141809233,
    "x4_ald": 0.8748548808449378,
    "n_unstable": 0,
    "n_samples": 10200,
    "elapsed_s": 2.9018192291259766
  },
  "beta1.0_omax10_tau0.005": {
    "beta": 1.0,
    "omega_max": 10,
    "tau": 0.005,
    "dt": 0.3141592653589793,
    "N_t": 63661,
    "n_samp_per_traj": 51,
    "var_x_ald": NaN,
    "var_x_qm": 0.2571,
    "std_var": NaN,
    "frac_diff": null,
    "nsig": null,
    "mean_x": NaN,
    "x4_ald": NaN,
    "n_unstable": 0,
    "n_samples": 10200,
    "elapsed_s": 2.9021549224853516
  },
  "beta0.0_omax10_tau0.002": {
    "beta": 0.0,
    "omega_max": 10,
    "tau": 0.002,
    "dt": 0.3141592653589793,
    "N_t": 63661,
    "n_samp_per_traj": 51,
    "var_x_ald": 0.5444666256684697,
    "var_x_qm": 0.5,
    "std_var": 0.013654196845290614,
    "frac_diff": 0.08893325133693941,
    "nsig": 3.256626967686233,
    "mean_x": -0.00042970754175804244,
    "x4_ald": 0.8806403035718626,
    "n_unstable": 0,
    "n_samples": 10200,
    "elapsed_s": 2.8963840007781982
  },
  "beta1.0_omax10_tau0.002": {
    "beta": 1.0,
    "omega_max": 10,
    "tau": 0.002,
    "dt": 0.3141592653589793,
    "N_t": 63661,
    "n_samp_per_traj": 51,
    "var_x_ald": NaN,
    "var_x_qm": 0.2571,
    "std_var": NaN,
    "frac_diff": null,
    "nsig": null,
    "mean_x": NaN,
    "x4_ald": NaN,
    "n_unstable": 0,
    "n_samples": 10200,
    "elapsed_s": 2.9416990280151367
  }
}