{
  "beta0.0_omax10_tau0.01": {
    "beta": 0.0,
    "omega_max": 10,
    "tau": 0.01,
    "dt": 0.05,
    "N_t": 400000,
    "n_samp_per_traj": 50,
    "var_x_ald": 0.5156858567826567,
    "var_x_qm": 0.5,
    "std_var": 0.0074000844804691475,
    "frac_diff": 0.03137171356531332,
    "nsig": 2.1196861771045907,
    "mean_x": 0.007398656589052592,
    "x4_ald": 0.7996675201648699,
    "n_unstable": 0,
    "n_good": 200,
    "n_samples": 10000,
    "elapsed_s": 17.674070119857788
  },
  "beta0.0_omax20_tau0.01": {
    "beta": 0.0,
    "omega_max": 20,
    "tau": 0.01,
    "dt": 0.05,
    "N_t": 400000,
    "n_samp_per_traj": 50,
    "var_x_ald": 0.5172808210229171,
    "var_x_qm": 0.5,
    "std_var": 0.007427666671197897,
    "frac_diff": 0.03456164204583412,
    "nsig": 2.3265477286328053,
    "mean_x": 0.0077888451420147975,
    "x4_ald": 0.8041395431130679,
    "n_unstable": 0,
    "n_good": 200,
    "n_samples": 10000,
    "elapsed_s": 17.438930988311768
  },
  "beta0.0_omax30_tau0.01": {
    "beta": 0.0,
    "omega_max": 30,
    "tau": 0.01,
    "dt": 0.05,
    "N_t": 400000,
    "n_samp_per_traj": 50,
    "var_x_ald": 0.5202231685457475,
    "var_x_qm": 0.5,
    "std_var": 0.0074106404811291595,
    "frac_diff": 0.04044633709149492,
    "nsig": 2.7289366684627043,
    "mean_x": 0.0075344648076492,
    "x4_ald": 0.8118739155423428,
    "n_unstable": 0,
    "n_good": 200,
    "n_samples": 10000,
    "elapsed_s": 17.88298201560974
  },
  "beta1.0_omax10_tau0.01": {
    "beta": 1.0,
    "omega_max": 10,
    "tau": 0.01,
    "dt": 0.05,
    "N_t": 400000,
    "n_samp_per_traj": 50,
    "var_x_ald": 0.302829951393211,
    "var_x_qm": 0.2571,
    "std_var": 0.0037590760323737583,
    "frac_diff": 0.17786834458658504,
    "nsig": 12.165210546255896,
    "mean_x": 0.004352591467915256,
    "x4_ald": 0.22580238490943494,
    "n_unstable": 0,
    "n_good": 200,
    "n_samples": 10000,
    "elapsed_s": 17.744464874267578
  },
  "beta1.0_omax20_tau0.01": {
    "beta": 1.0,
    "omega_max": 20,
    "tau": 0.01,
    "dt": 0.05,
    "N_t": 400000,
    "n_samp_per_traj": 50,
    "var_x_ald": 0.3022671655757334,
    "var_x_qm": 0.2571,
    "std_var": 0.003622452374682931,
    "frac_diff": 0.17567936824478186,
    "nsig": 12.468670641856773,
    "mean_x": -0.006512222703264628,
    "x4_ald": 0.22704951587714173,
    "n_unstable": 0,
    "n_good": 200,
    "n_samples": 10000,
    "elapsed_s": 17.805059909820557
  },
  "beta1.0_omax30_tau0.01": {
    "beta": 1.0,
    "omega_max": 30,
    "tau": 0.01,
    "dt": 0.05,
    "N_t": 400000,
    "n_samp_per_traj": 50,
    "var_x_ald": 0.3017991745460882,
    "var_x_qm": 0.2571,
    "std_var": 0.004161035572243147,
    "frac_diff": 0.17385909975141262,
    "nsig": 10.742319735082576,
    "mean_x": -0.00833031182190494,
    "x4_ald": 0.23282759459865973,
    "n_unstable": 0,
    "n_good": 200,
    "n_samples": 10000,
    "elapsed_s": 17.8864688873291
  },
  "beta0.1_omax10_tau0.01": {
    "beta": 0.1,
    "omega_max": 10,
    "tau": 0.01,
    "dt": 0.05,
    "N_t": 400000,
    "n_samp_per_traj": 50,
    "var_x_ald": 0.4255608383971639,
    "var_x_qm": 0.4125,
    "std_var": 0.006101963713780414,
    "frac_diff": 0.03166263853857923,
    "nsig": 2.140432000221157,
    "mean_x": -0.002234562114111216,
    "x4_ald": 0.5069802089101779,
    "n_unstable": 0,
    "n_good": 200,
    "n_samples": 10000,
    "elapsed_s": 17.79265284538269
  },
  "beta0.1_omax20_tau0.01": {
    "beta": 0.1,
    "omega_max": 20,
    "tau": 0.01,
    "dt": 0.05,
    "N_t": 400000,
    "n_samp_per_traj": 50,
    "var_x_ald": 0.4384803885409764,
    "var_x_qm": 0.4125,
    "std_var": 0.005634836243152481,
    "frac_diff": 0.06298276009933672,
    "nsig": 4.610673215667637,
    "mean_x": 0.006134996451335,
    "x4_ald": 0.5271073769486023,
    "n_unstable": 0,
    "n_good": 200,
    "n_samples": 10000,
    "elapsed_s": 17.814521074295044
  },
  "beta0.1_omax30_tau0.01": {
    "beta": 0.1,
    "omega_max": 30,
    "tau": 0.01,
    "dt": 0.05,
    "N_t": 400000,
    "n_samp_per_traj": 50,
    "var_x_ald": 0.43431028072321015,
    "var_x_qm": 0.4125,
    "std_var": 0.005979732516478227,
    "frac_diff": 0.05287340781384285,
    "nsig": 3.6473672799089303,
    "mean_x": 0.007752583886813807,
    "x4_ald": 0.5175268770624796,
    "n_unstable": 0,
    "n_good": 200,
    "n_samples": 10000,
    "elapsed_s": 17.872629165649414
  },
  "beta0.0_omax10_tau0.005": {
    "beta": 0.0,
    "omega_max": 10,
    "tau": 0.005,
    "dt": 0.05,
    "N_t": 400000,
    "n_samp_per_traj": 50,
    "var_x_ald": 0.5142386230236164,
    "var_x_qm": 0.5,
    "std_var": 0.008091484272700875,
    "frac_diff": 0.028477246047232896,
    "nsig": 1.7597047147029434,
    "mean_x": 0.0060440588598117415,
    "x4_ald": 0.7856488495017555,
    "n_unstable": 0,
    "n_good": 200,
    "n_samples": 10000,
    "elapsed_s": 17.87697172164917
  },
  "beta1.0_omax10_tau0.005": {
    "beta": 1.0,
    "omega_max": 10,
    "tau": 0.005,
    "dt": 0.05,
    "N_t": 400000,
    "n_samp_per_traj": 50,
    "var_x_ald": 0.2970385266120118,
    "var_x_qm": 0.2571,
    "std_var": 0.00342554925649895,
    "frac_diff": 0.15534238277717544,
    "nsig": 11.659013962867547,
    "mean_x": 0.0009694741444122027,
    "x4_ald": 0.22324282603182827,
    "n_unstable": 0,
    "n_good": 200,
    "n_samples": 10000,
    "elapsed_s": 18.015270948410034
  },
  "beta0.0_omax10_tau0.002": {
    "beta": 0.0,
    "omega_max": 10,
    "tau": 0.002,
    "dt": 0.05,
    "N_t": 400000,
    "n_samp_per_traj": 50,
    "var_x_ald": 0.517923153282682,
    "var_x_qm": 0.5,
    "std_var": 0.011358707365443477,
    "frac_diff": 0.03584630656536403,
    "nsig": 1.5779219154117403,
    "mean_x": 0.0031920359254768715,
    "x4_ald": 0.7911654967482215,
    "n_unstable": 0,
    "n_good": 200,
    "n_samples": 10000,
    "elapsed_s": 17.9671790599823
  },
  "beta1.0_omax10_tau0.002": {
    "beta": 1.0,
    "omega_max": 10,
    "tau": 0.002,
    "dt": 0.05,
    "N_t": 400000,
    "n_samp_per_traj": 50,
    "var_x_ald": 0.2958378172254276,
    "var_x_qm": 0.2571,
    "std_var": 0.0038815770827823285,
    "frac_diff": 0.15067217901761037,
    "nsig": 9.979917028379665,
    "mean_x": 0.0009464443570408225,
    "x4_ald": 0.2235673976338773,
    "n_unstable": 0,
    "n_good": 200,
    "n_samples": 10000,
    "elapsed_s": 18.097946882247925
  }
}