{
  "0.3": {
    "lam": 0.3,
    "N": 200000,
    "N_traj": 100,
    "Gamma_SED": 0.11142222222222221,
    "Gamma_SEM": 0.004140444897667071,
    "Gamma_exact": 0.08964654,
    "ratio": 1.2429059975122545,
    "ln_ratio": 0.21745218417586534,
    "S_WKB": 0.9865,
    "V_b_E_zpf": 1.1785,
    "exponent": -0.19200000000000006,
    "implied_A": 1.5059925525444489,
    "n_zero_crossings": 0,
    "mean_crossings": 1002.8,
    "elapsed": 19.50582194328308
  },
  "0.2": {
    "lam": 0.2,
    "N": 200000,
    "N_traj": 100,
    "Gamma_SED": 0.06347555555555556,
    "Gamma_SEM": 0.0034269678783884405,
    "Gamma_exact": 0.02810832,
    "ratio": 2.2582479335497663,
    "ln_ratio": 0.814589261980317,
    "S_WKB": 2.1059,
    "V_b_E_zpf": 1.7678,
    "exponent": 0.33810000000000007,
    "implied_A": 1.6104107359878055,
    "n_zero_crossings": 0,
    "mean_crossings": 571.28,
    "elapsed": 19.146833896636963
  },
  "0.15": {
    "lam": 0.15,
    "N": 200000,
    "N_traj": 100,
    "Gamma_SED": 0.038711111111111106,
    "Gamma_SEM": 0.0029409047906476535,
    "Gamma_exact": 0.007468192,
    "ratio": 5.183464901693891,
    "ln_ratio": 1.6454737325984432,
    "S_WKB": 3.417,
    "V_b_E_zpf": 2.357,
    "exponent": 1.0599999999999996,
    "implied_A": 1.7958415328337693,
    "n_zero_crossings": 3,
    "mean_crossings": 348.4,
    "elapsed": 25.68614411354065
  },
  "0.075": {
    "lam": 0.075,
    "N": 200000,
    "N_traj": 200,
    "Gamma_SED": 0.004135000000000001,
    "Gamma_SEM": 0.0006441406743354539,
    "Gamma_exact": 2.206057e-05,
    "ratio": 187.4384932030315,
    "ln_ratio": 5.233450755344307,
    "S_WKB": 9.2679,
    "V_b_E_zpf": 4.714,
    "exponent": 4.553899999999999,
    "implied_A": 1.9729911773631819,
    "n_zero_crossings": 113,
    "mean_crossings": 37.215,
    "elapsed": 20.77683401107788
  },
  "0.05": {
    "lam": 0.05,
    "N": 500000,
    "N_traj": 200,
    "Gamma_SED": 0.00043249999999999994,
    "Gamma_SEM": 8.515078537512146e-05,
    "Gamma_exact": 5.194501e-08,
    "ratio": 8326.112556336016,
    "ln_ratio": 9.027151946320284,
    "S_WKB": 15.3328,
    "V_b_E_zpf": 7.0711,
    "exponent": 8.261700000000001,
    "implied_A": 2.1499658242601565,
    "n_zero_crossings": 153,
    "mean_crossings": 10.38,
    "elapsed": 39.76197385787964
  },
  "linear_fit": {
    "slope": 1.0492845595595872,
    "intercept": 0.3427354987234819,
    "A_fit": 1.4087960842791214,
    "n_points": 7
  }
}