{
  "0.3": {
    "lam": 0.3,
    "N": 200000,
    "N_traj": 100,
    "seed": 456,
    "Gamma_SED": 0.07483888888888889,
    "Gamma_SEM": 0.0030937952141601903,
    "Gamma_exact": 0.08964654,
    "ratio": 0.8348218334906053,
    "ln_ratio": -0.18053694996369601,
    "S_WKB": 0.9865,
    "V_b_E_zpf": 1.1785,
    "exponent": -0.19200000000000006,
    "implied_A": 1.011529002559148,
    "n_zero_crossings": 0,
    "mean_crossings": 673.55,
    "elapsed": 4.2910239696502686
  },
  "0.2": {
    "lam": 0.2,
    "N": 200000,
    "N_traj": 100,
    "seed": 457,
    "Gamma_SED": 0.04123333333333333,
    "Gamma_SEM": 0.0022557386351533407,
    "Gamma_exact": 0.02810832,
    "ratio": 1.4669440697036795,
    "ln_ratio": 0.3831813728060141,
    "S_WKB": 2.1059,
    "V_b_E_zpf": 1.7678,
    "exponent": 0.33810000000000007,
    "implied_A": 1.0461129815940948,
    "n_zero_crossings": 0,
    "mean_crossings": 371.1,
    "elapsed": 4.240569114685059
  },
  "0.15": {
    "lam": 0.15,
    "N": 200000,
    "N_traj": 100,
    "seed": 458,
    "Gamma_SED": 0.025761111111111106,
    "Gamma_SEM": 0.0023390060012907347,
    "Gamma_exact": 0.007468192,
    "ratio": 3.4494441373643188,
    "ln_ratio": 1.2382130984575652,
    "S_WKB": 3.417,
    "V_b_E_zpf": 2.357,
    "exponent": 1.0599999999999996,
    "implied_A": 1.1950799637988214,
    "n_zero_crossings": 4,
    "mean_crossings": 231.85,
    "elapsed": 4.377266883850098
  },
  "0.075": {
    "lam": 0.075,
    "N": 200000,
    "N_traj": 200,
    "seed": 459,
    "Gamma_SED": 0.002847777777777777,
    "Gamma_SEM": 0.0004146501649092392,
    "Gamma_exact": 2.206057e-05,
    "ratio": 129.0890388497567,
    "ln_ratio": 4.860502389908412,
    "S_WKB": 9.2679,
    "V_b_E_zpf": 4.714,
    "exponent": 4.553899999999999,
    "implied_A": 1.358800587822607,
    "n_zero_crossings": 109,
    "mean_crossings": 25.63,
    "elapsed": 6.418252229690552
  },
  "0.05": {
    "lam": 0.05,
    "N": 500000,
    "N_traj": 200,
    "seed": 460,
    "Gamma_SED": 0.0003253333333333333,
    "Gamma_SEM": 7.851256720982025e-05,
    "Gamma_exact": 5.194501e-08,
    "ratio": 6263.0334142458205,
    "ln_ratio": 8.742419917693333,
    "S_WKB": 15.3328,
    "V_b_E_zpf": 7.0711,
    "exponent": 8.261700000000001,
    "implied_A": 1.6172382616400094,
    "n_zero_crossings": 159,
    "mean_crossings": 7.32,
    "elapsed": 32.99013304710388
  }
}