{
  "n_exp": 2.25,
  "C_n": 0.019742133800556692,
  "results": {
    "0.0": {
      "var_x_mean": 0.492069837815969,
      "var_x_std": 0.0011415351566360322,
      "var_x_qm": 0.5000000000000001,
      "raw_err": -0.007930162184031087
    },
    "0.2": {
      "var_x_mean": 0.31947097357782955,
      "var_x_std": 0.0013953186969965646,
      "var_x_qm": 0.3699635576927096,
      "raw_err": -0.05049258411488006
    },
    "0.5": {
      "var_x_mean": 0.25000031368443354,
      "var_x_std": 0.0008634737998622062,
      "var_x_qm": 0.30581365071758676,
      "raw_err": -0.05581333703315322
    },
    "1.0": {
      "var_x_mean": 0.19937854089031312,
      "var_x_std": 0.0005619509962735245,
      "var_x_qm": 0.2571498214428059,
      "raw_err": -0.05777128055249278
    }
  }
}