{
  "kernel_data": {
    "0": {
      "phi_xi_hp": 5.613358803555385,
      "phi_xi_trap": 5.613358803555384,
      "phi_G_real": 5.601170314397763,
      "phi_zeta_real": 113.0096288304463,
      "phi_Z": -7.163985655427297,
      "phi_s_factor": -72015.00224999999,
      "phi_stripped_G": 0.5430421126011867
    },
    "0.05": {
      "phi_xi_hp": 5.483279749269782,
      "phi_xi_trap": 5.483279749269781,
      "phi_G_real": 5.465357425003916,
      "phi_zeta_real": 0.08630115680188766,
      "phi_Z": -0.9476829765930184,
      "phi_s_factor": 39616.2164892248,
      "phi_stripped_G": 0.5571586053775209
    },
    "0.1": {
      "phi_xi_hp": 5.108577191333427,
      "phi_xi_trap": 5.108577191333427,
      "phi_G_real": 5.0711972477396525,
      "phi_zeta_real": -12.664545113749043,
      "phi_Z": -40.48438611019081,
      "phi_s_factor": -2021.2220088644544,
      "phi_stripped_G": 0.5988433829631882
    },
    "0.15": {
      "phi_xi_hp": 4.533425736599326,
      "phi_xi_trap": 4.533425736599327,
      "phi_G_real": 4.456505333703434,
      "phi_zeta_real": 0.07737501822878201,
      "phi_Z": -41.248929280955366,
      "phi_s_factor": -4787.944528567854,
      "phi_stripped_G": 0.6661674746137743
    },
    "0.2": {
      "phi_xi_hp": 3.8236305672425215,
      "phi_xi_trap": 3.8236305672425215,
      "phi_G_real": 3.677922114709216,
      "phi_zeta_real": -12.70242881674856,
      "phi_Z": 22.439820310341695,
      "phi_s_factor": 6993.268991547002,
      "phi_stripped_G": 0.7561231200700606
    },
    "0.25": {
      "phi_xi_hp": 3.0559831274190685,
      "phi_xi_trap": 3.055983127419069,
      "phi_G_real": 2.802517879456625,
      "phi_zeta_real": 0.07326459145413189,
      "phi_Z": -4.878340092922805,
      "phi_s_factor": -7822.94486620273,
      "phi_stripped_G": 0.8649015756156581
    },
    "0.3": {
      "phi_xi_hp": 2.305767463174013,
      "phi_xi_trap": 2.3057674631740124,
      "phi_G_real": 1.8982628050902297,
      "phi_zeta_real": -12.790917228033024,
      "phi_Z": -8.839616020900143,
      "phi_s_factor": 8076.405127093988,
      "phi_stripped_G": 0.9882220923561088
    },
    "0.35": {
      "phi_xi_hp": 1.634945773956176,
      "phi_xi_trap": 1.634945773956176,
      "phi_G_real": 1.0251894675848152,
      "phi_zeta_real": 0.11037319595735084,
      "phi_Z": 46.33353334070182,
      "phi_s_factor": -8030.598684594195,
      "phi_stripped_G": 1.121665390079784
    },
    "0.4": {
      "phi_xi_hp": 1.0837247978936126,
      "phi_xi_trap": 1.0837247978936129,
      "phi_G_real": 0.22895084524711956,
      "phi_zeta_real": -12.987799219970759,
      "phi_Z": 7.8391891789015595,
      "phi_s_factor": 7804.312258487676,
      "phi_stripped_G": 1.260968365211668
    },
    "0.45": {
      "phi_xi_hp": 0.667468112371075,
      "phi_xi_trap": 0.6674681123710746,
      "phi_G_real": -0.4621154168012816,
      "phi_zeta_real": 0.2837853090572233,
      "phi_Z": 17.021774003917532,
      "phi_s_factor": -7457.399325678157,
      "phi_stripped_G": 1.4022484762322254
    },
    "0.5": {
      "phi_xi_hp": 0.3793627179363634,
      "phi_xi_trap": 0.3793627179363636,
      "phi_G_real": -1.0362556235686071,
      "phi_zeta_real": -13.463317905461919,
      "phi_Z": -8.316259226228382,
      "phi_s_factor": 7024.438811868322,
      "phi_stripped_G": 1.5421433358060634
    },
    "0.6": {
      "phi_xi_hp": 0.09328590240649852,
      "phi_xi_trap": 0.09328590240649853,
      "phi_G_real": -1.8470325099213862,
      "phi_zeta_real": -15.08402003072113,
      "phi_Z": -20.256264150173017,
      "phi_s_factor": 5984.517905557431,
      "phi_stripped_G": 1.8072133817459433
    },
    "0.7": {
      "phi_xi_hp": 0.014974219322747766,
      "phi_xi_trap": 0.014974219322747728,
      "phi_G_real": -2.285526787826523,
      "phi_zeta_real": 31.13010411917868,
      "phi_Z": 42.6716694270229,
      "phi_s_factor": 4806.435748023439,
      "phi_stripped_G": 2.040475091312032
    },
    "0.8": {
      "phi_xi_hp": 0.0014327696386534652,
      "phi_xi_trap": 0.0014327696386536822,
      "phi_G_real": -2.4522245191557226,
      "phi_zeta_real": -9.26747959726025,
      "phi_Z": -25.532610771146935,
      "phi_s_factor": 3574.372076021007,
      "phi_stripped_G": 2.2335699540290412
    },
    "0.9": {
      "phi_xi_hp": 7.30687339318633e-05,
      "phi_xi_trap": 7.306873393219137e-05,
      "phi_G_real": -2.427706117048463,
      "phi_zeta_real": -10.809457562492351,
      "phi_Z": 51.922646621671824,
      "phi_s_factor": 2356.6070186949228,
      "phi_stripped_G": 2.383512682395735
    },
    "1.0": {
      "phi_xi_hp": 1.731412061554933e-06,
      "phi_xi_trap": 1.731412061463109e-06,
      "phi_G_real": -2.2767511277269845,
      "phi_zeta_real": -11.761228381413318,
      "phi_Z": -20.596745756266778,
      "phi_s_factor": 1211.0559417614202,
      "phi_stripped_G": 2.491061027473582
    }
  },
  "Z_kernel": {
    "0": -7.163985655427297,
    "0.05": -0.9476829765930184,
    "0.1": -40.48438611019081,
    "0.15": -41.248929280955366,
    "0.2": 22.439820310341695,
    "0.25": -4.878340092922805,
    "0.3": -8.839616020900143,
    "0.35": 46.33353334070182,
    "0.4": 7.8391891789015595,
    "0.45": 17.021774003917532,
    "0.5": -8.316259226228382,
    "0.6": -20.256264150173017,
    "0.7": 42.6716694270229,
    "0.8": -25.532610771146935,
    "0.9": 51.922646621671824,
    "1.0": -20.596745756266778
  },
  "description": "Kernel decomposition: Xi = G * zeta, Hardy Z, alternative completions"
}