{
  "Re100_N64": {
    "N": 64,
    "Re": 100,
    "nu": 0.01,
    "T_end": 12.0,
    "times": [
      0.0,
      0.500000000001,
      1.000000000001,
      1.500000000001,
      2.000000000001,
      2.500000000001,
      3.000000000001,
      3.500000000001,
      4.000000000001,
      4.500000000001,
      5.000000000001,
      5.500000000001,
      6.000000000001,
      6.500000000001,
      7.000000000001,
      7.500000000001,
      8.000000000001,
      8.500000000001,
      9.000000000001,
      9.500000000001,
      10.000000000001,
      10.500000000001,
      11.000000000001,
      11.500000000001,
      12.000000000001
    ],
    "energy": [
      31.006276680299816,
      30.0822188216224,
      29.14117076770495,
      28.14214038966067,
      27.04928282696476,
      25.83863483878674,
      24.505211965143555,
      23.06252851167077,
      21.53543337611827,
      19.953224853619965,
      18.346503013840703,
      16.747484065311113,
      15.190121974769246,
      13.706860364304557,
      12.323831441228284,
      11.05774097218743,
      9.915587126850175,
      8.896444063644283,
      7.993927438978128,
      7.198428188789268,
      6.498840515311628,
      5.88380182808607,
      5.342509992096612,
      4.865182978102081,
      4.443239266506428
    ],
    "enstrophy": [
      93.01883004089947,
      92.54392487944983,
      96.34967215344342,
      104.06641461539967,
      114.91902022540886,
      127.29239050664515,
      139.15278254050767,
      148.95769042288632,
      155.96778357050786,
      159.9655199438516,
      160.8432236097229,
      158.3885565499186,
      152.5342361894592,
      143.67712623124467,
      132.65000050715122,
      120.45481006927521,
      107.99571606059867,
      95.94307044259969,
      84.72327129516903,
      74.56372546776849,
      65.54453310421414,
      57.64398706959657,
      50.77769222814032,
      44.83070076115206,
      39.68099814878328
    ],
    "dissipation": [
      1.8603766008179896,
      1.8508784975889967,
      1.9269934430688684,
      2.0813282923079934,
      2.298380404508177,
      2.545847810132903,
      2.7830556508101534,
      2.9791538084577276,
      3.1193556714101573,
      3.199310398877032,
      3.2168644721944584,
      3.1677711309983727,
      3.050684723789184,
      2.8735425246248933,
      2.6530000101430242,
      2.409096201385504,
      2.1599143212119736,
      1.9188614088519937,
      1.6944654259033807,
      1.4912745093553699,
      1.3108906620842828,
      1.1528797413919314,
      1.0155538445628063,
      0.8966140152230413,
      0.7936199629756656
    ],
    "divergence_max": [
      6.69333096903562e-16,
      7.355227538141662e-16,
      7.771561172376096e-16,
      9.992007221626409e-16,
      9.992007221626409e-16,
      9.992007221626409e-16,
      1.1102230246251565e-15,
      9.992007221626409e-16,
      9.43689570931383e-16,
      1.3322676295501878e-15,
      9.992007221626409e-16,
      1.3322676295501878e-15,
      1.3322676295501878e-15,
      9.159339953157541e-16,
      8.881784197001252e-16,
      8.881784197001252e-16,
      8.881784197001252e-16,
      8.881784197001252e-16,
      8.049116928532385e-16,
      8.881784197001252e-16,
      6.661338147750939e-16,
      5.689893001203927e-16,
      5.551115123125783e-16,
      5.689893001203927e-16,
      4.440892098500626e-16
    ],
    "pressure_L1": [
      25.092524360732902,
      23.73153519470637,
      21.44745686187373,
      18.959523296646417,
      16.705558937607165,
      14.799458298364044,
      13.188135446945832,
      11.81269033339713,
      10.677450901620592,
      9.770846726877863,
      9.08240782760973,
      8.552552437283705,
      8.083234910627988,
      7.6052356722661445,
      7.10527083649569,
      6.591183227227437,
      6.084383084996907,
      5.595203343801091,
      5.135668736585362,
      4.708448721617293,
      4.3104604198529035,
      3.9407411669441297,
      3.5993547621308584,
      3.2855046205700393,
      2.9989216374317147
    ],
    "pressure_L1p5": [
      4.658101109592131,
      4.399979519681281,
      3.9772426984103757,
      3.5134157948422713,
      3.0926876008488993,
      2.739319283579067,
      2.442872270684154,
      2.1913798257640478,
      1.9829061968621968,
      1.817653765234964,
      1.6910194739770639,
      1.5905646442259638,
      1.5002787493796752,
      1.4086040096225396,
      1.3119749590139782,
      1.2125380378937791,
      1.1141648139365192,
      1.0198978233775708,
      0.9316747523334628,
      0.8502467457918512,
      0.7755346005121705,
      0.7071946718698534,
      0.6448375253271453,
      0.5880765107331715,
      0.5365729506912111
    ],
    "pressure_L2": [
      2.0881229988118912,
      1.9730161639929307,
      1.7868297402731037,
      1.5849492324411836,
      1.4031065877102822,
      1.2493602789861953,
      1.1175908641542245,
      1.0027483599413978,
      0.9051048070915721,
      0.8267135340339518,
      0.7669212261865644,
      0.7204065532196035,
      0.679224971566669,
      0.637155665937529,
      0.5921202849339178,
      0.5452461462500652,
      0.49870692358295554,
      0.4543131127727181,
      0.41310912513438464,
      0.37548166571663283,
      0.3413966868264205,
      0.31061167368774767,
      0.28282181987145794,
      0.2577386060052049,
      0.2351164364301138
    ],
    "pressure_L3": [
      0.9864619904969372,
      0.9329066762421173,
      0.8501691928685798,
      0.7661934017125076,
      0.692877456089493,
      0.6275400238055237,
      0.5655518391705995,
      0.5065416890195662,
      0.45317743976585256,
      0.40871888561776226,
      0.3750065597705821,
      0.3504669079270791,
      0.3303646868271882,
      0.3100423198281319,
      0.28750896502817636,
      0.26327277117844256,
      0.23884610332690234,
      0.21557988902338662,
      0.1942663626024451,
      0.17519517314319824,
      0.15832646733246394,
      0.14344880963516962,
      0.13029520614888276,
      0.11861338365584266,
      0.10819544964091841
    ],
    "pressure_Linf": [
      0.3750000000000001,
      0.3728622439031671,
      0.3820823588854271,
      0.388398951503979,
      0.37844611361549974,
      0.350207812751444,
      0.31234341120907194,
      0.2739306295379927,
      0.23950368791822427,
      0.2099952321396776,
      0.18493840937043665,
      0.1641344440090675,
      0.14720872887556155,
      0.15118209883244937,
      0.1479912452663356,
      0.13606215251610337,
      0.1214882270102868,
      0.10758292779643011,
      0.09313463061049031,
      0.07941445954148796,
      0.06699606187545172,
      0.056064587488497686,
      0.05026535216985258,
      0.04536116859386292,
      0.04112601563374808
    ],
    "enstrophy_peak_time": 5.000000000001,
    "enstrophy_peak_value": 160.8432236097229,
    "energy_conservation_error": 1.0138618537834924e-05,
    "E0": 31.006276680299816,
    "total_steps": 186
  },
  "Re1000_N64": {
    "N": 64,
    "Re": 1000,
    "nu": 0.001,
    "T_end": 10.0,
    "times": [
      0.0,
      0.500000000001,
      1.000000000001,
      1.500000000001,
      2.000000000001,
      2.500000000001,
      3.000000000001,
      3.500000000001,
      4.000000000001,
      4.500000000001,
      5.000000000001,
      5.500000000001,
      6.000000000001,
      6.500000000001,
      7.000000000001,
      7.500000000001,
      8.000000000001,
      8.500000000001,
      9.000000000001,
      9.500000000001,
      10.000000000001
    ],