{
  "Re100_N128": {
    "N": 128,
    "Re": 100,
    "nu": 0.01,
    "T_end": 10.0,
    "times": [
      0.0,
      1.000000000001,
      2.000000000001,
      3.000000000001,
      4.000000000001,
      5.000000000001,
      6.000000000001,
      7.000000000001,
      8.000000000001,
      9.000000000001,
      10.000000000001
    ],
    "energy": [
      31.006276680299816,
      29.141170733580715,
      27.049282687307954,
      24.505211519717463,
      21.535432536572557,
      18.3465016604834,
      15.19012744172874,
      12.323816090819413,
      9.915530780250783,
      7.993824378574962,
      6.498687964738007
    ],
    "enstrophy": [
      93.01883004089949,
      96.34967292701428,
      114.91902748050362,
      139.1527553368519,
      155.96793049373878,
      160.84287775073236,
      152.53438914222937,
      132.651730731549,
      107.99795025982756,
      84.72571731836827,
      65.54694144835999
    ],
    "dissipation": [
      1.8603766008179896,
      1.9269934585402857,
      2.2983805496100724,
      2.783055106737038,
      3.1193586098747756,
      3.216857555014647,
      3.0506877828445873,
      2.6530346146309802,
      2.1599590051965514,
      1.6945143463673658,
      1.3109388289671997
    ],
    "divergence_max": [
      7.504810903779879e-16,
      1.0547118733938987e-15,
      1.4432899320127035e-15,
      1.5543122344752192e-15,
      1.3322676295501878e-15,
      1.3322676295501878e-15,
      1.5265566588595902e-15,
      1.3322676295501878e-15,
      1.1518563880486e-15,
      8.881784197001252e-16,
      8.326672684688674e-16
    ],
    "pressure_L1": [
      null,
      null,
      null,
      null,
      null,
      null,
      null,
      null,
      null,
      null,
      null
    ],
    "pressure_L1p5": [
      null,
      null,
      null,
      null,
      null,
      null,
      null,
      null,
      null,
      null,
      null
    ],
    "pressure_L2": [
      null,
      null,
      null,
      null,
      null,
      null,
      null,
      null,
      null,
      null,
      null
    ],
    "pressure_L3": [
      null,
      null,
      null,
      null,
      null,
      null,
      null,
      null,
      null,
      null,
      null
    ],
    "pressure_Linf": [
      null,
      null,
      null,
      null,
      null,
      null,
      null,
      null,
      null,
      null,
      null
    ],
    "enstrophy_peak_time": 5.000000000001,
    "enstrophy_peak_value": 160.84287775073236,
    "energy_conservation_error": 6.361503038941115e-07,
    "E0": 31.006276680299816,
    "total_steps": 500
  },
  "Re1000_N128": {
    "N": 128,
    "Re": 1000,
    "nu": 0.001,
    "T_end": 8.0,
    "times": [
      0.0,
      1.000000000001,
      2.000000000001,
      3.000000000001,
      4.000000000001,
      5.000000000001,
      6.000000000001,
      7.000000000001,
      8.000000000001
    ],
    "energy": [
      31.006276680299816,
      30.814136204995048,
      30.57786212117542,
      30.22927868897299,
      29.65679919961623,
      28.593805979528323,
      26.98983564593375,
      24.984829208600026,
      22.57557394274258
    ],
    "enstrophy": [
      93.01883004089949,
      102.67977597507418,
      139.20180358890997,
      217.82050714396203,
      377.71803099692534,
      694.7158631420123,
      895.5216547102499,
      1097.1610200198381,
      1365.4639220021556
    ],
    "dissipation": [
      0.18603766008179895,
      0.20535955195014832,
      0.27840360717782,
      0.43564101428792407,
      0.7554360619938507,
      1.3894317262840246,
      1.7910433094204998,
      2.1943220400396766,
      2.730927844004311
    ],
    "divergence_max": [
      7.504810903779879e-16,
      1.1657341758564144e-15,
      1.4432899320127035e-15,
      1.7763568394002505e-15,
      1.942890293094024e-15,
      2.6645352591003757e-15,
      2.7200464103316335e-15,
      2.6645352591003757e-15,
      2.886579864025407e-15
    ],
    "pressure_L1": [
      null,
      null,
      null,
      null,
      null,
      null,
      null,
      null,
      null
    ],
    "pressure_L1p5": [
      null,
      null,
      null,
      null,
      null,
      null,
      null,
      null,
      null
    ],
    "pressure_L2": [
      null,
      null,
      null,
      null,
      null,
      null,
      null,
      null,
      null
    ],
    "pressure_L3": [
      null,
      null,
      null,
      null,
      null,
      null,
      null,
      null,
      null
    ],
    "pressure_Linf": [
      null,
      null,
      null,
      null,
      null,
      null,
      null,
      null,
      null
    ],
    "enstrophy_peak_time": 8.000000000001,
    "enstrophy_peak_value": 1365.4639220021556,
    "energy_conservation_error": 1.2736192601926159e-06,
    "E0": 31.006276680299816,
    "total_steps": 323
  }
}