{
  "taylor_green": {
    "name": "Taylor-Green Vortex",
    "runs": {
      "100": {
        "vs_min": 236.9482985747536,
        "vs_mean": 367.5036762597556,
        "vs_std": 110.8891355517257,
        "vs_min_time": 1.4909498743984035,
        "vs_at_min_enstrophy": 103.89534788760932,
        "F1_Ladyzhenskaya_min": 4.4847009954984935,
        "F1_Ladyzhenskaya_mean": 5.658724778641266,
        "F3_Sobolev_H1_L6_min": 4.708181789960119,
        "F3_Sobolev_H1_L6_mean": 6.445645937263532,
        "E2E3_Vortex_Stretching_min": 236.9482985747536,
        "E2E3_Vortex_Stretching_mean": 367.5036762597556,
        "E1_Energy_min": 1.0000552158847282,
        "E1_Energy_mean": 1.0007298576547994,
        "R1F2_Prodi_Serrin_min": 33.58720686364112,
        "R1F2_Prodi_Serrin_mean": 47.1748079220444,
        "F4G1_Agmon_min": 12.846296132979791,
        "F4G1_Agmon_mean": 22.88481009989735,
        "F5_CZ_Pressure_min": 8.19610305346627,
        "F5_CZ_Pressure_mean": 10.101749462525728,
        "E4_Kato_Ponce_min": 27.387152006372588,
        "E4_Kato_Ponce_mean": 36.670324644637134,
        "peak_enstrophy": 160.92227658766086,
        "peak_enstrophy_time": 4.857271863751993,
        "vs_at_peak_enstrophy": 551.8523787783081,
        "N": 64,
        "Re": 100,
        "n_steps": 84,
        "wall_time": 45.2996871471405
      },
      "500": {
        "vs_min": 237.48207309695135,
        "vs_mean": 716.1971278207676,
        "vs_std": 480.03843689574103,
        "vs_min_time": 1.3605679942656386,
        "vs_at_min_enstrophy": 110.81938374598028,
        "F1_Ladyzhenskaya_min": 4.5232247098031655,
        "F1_Ladyzhenskaya_mean": 6.39911312736202,
        "F3_Sobolev_H1_L6_min": 4.76181823388158,
        "F3_Sobolev_H1_L6_mean": 7.598837226825205,
        "E2E3_Vortex_Stretching_min": 237.48207309695135,
        "E2E3_Vortex_Stretching_mean": 716.1971278207676,
        "E1_Energy_min": 1.0000317460638743,
        "E1_Energy_mean": 1.0005218684717223,
        "R1F2_Prodi_Serrin_min": 34.164786077710374,
        "R1F2_Prodi_Serrin_mean": 49.32565394803416,
        "F4G1_Agmon_min": 13.022805634275695,
        "F4G1_Agmon_mean": 33.09602253695812,
        "F5_CZ_Pressure_min": 8.275607980178902,
        "F5_CZ_Pressure_mean": 10.233345803618436,
        "E4_Kato_Ponce_min": 25.546199964939902,
        "E4_Kato_Ponce_mean": 52.0004711217403,
        "peak_enstrophy": 512.0579954867649,
        "peak_enstrophy_time": 5.0,
        "vs_at_peak_enstrophy": 1883.21040689532,
        "N": 64,
        "Re": 500,
        "n_steps": 94,
        "wall_time": 50.61824893951416
      },
      "1000": {
        "vs_min": 237.52571841826648,
        "vs_mean": 921.0353468274749,
        "vs_std": 758.9373203908226,
        "vs_min_time": 1.3579216059004522,
        "vs_at_min_enstrophy": 111.97696115590227,
        "F1_Ladyzhenskaya_min": 4.524932269494115,
        "F1_Ladyzhenskaya_mean": 6.602204966253282,
        "F3_Sobolev_H1_L6_min": 4.76420877653629,
        "F3_Sobolev_H1_L6_mean": 7.922468185262165,
        "E2E3_Vortex_Stretching_min": 237.52571841826648,
        "E2E3_Vortex_Stretching_mean": 921.0353468274749,
        "E1_Energy_min": 1.000017043044423,
        "E1_Energy_mean": 1.0003224120275314,
        "R1F2_Prodi_Serrin_min": 34.189817271626836,
        "R1F2_Prodi_Serrin_mean": 49.79182147960817,
        "F4G1_Agmon_min": 13.030989221692538,
        "F4G1_Agmon_mean": 37.23116382985529,
        "F5_CZ_Pressure_min": 8.278889008966383,
        "F5_CZ_Pressure_mean": 10.200292168180932,
        "E4_Kato_Ponce_min": 25.532245273452407,
        "E4_Kato_Ponce_mean": 61.88713015866006,
        "peak_enstrophy": 681.4168990933532,
        "peak_enstrophy_time": 5.0,
        "vs_at_peak_enstrophy": 3112.0061281931908,
        "N": 64,
        "Re": 1000,
        "n_steps": 96,
        "wall_time": 51.84961271286011
      }
    }
  },
  "vortex_tube": {
    "name": "Concentrated Vortex Tube (\u03c3=0.1)",
    "runs": {
      "100": {
        "vs_min": Infinity,
        "vs_mean": Infinity,
        "vs_min_time": 0,
        "F1_Ladyzhenskaya_min": 3.648725936918089,
        "F1_Ladyzhenskaya_mean": 3.910940508961368,
        "F3_Sobolev_H1_L6_min": 3.4894102126247155,
        "F3_Sobolev_H1_L6_mean": 3.780671830654315,
        "E2E3_Vortex_Stretching_min": Infinity,
        "E2E3_Vortex_Stretching_mean": Infinity,
        "E1_Energy_min": 0.9734660572773381,
        "E1_Energy_mean": 0.9746017398425542,
        "R1F2_Prodi_Serrin_min": 8.301142512026944,
        "R1F2_Prodi_Serrin_mean": 9.82439331114447,
        "F4G1_Agmon_min": 5.776805861449,
        "F4G1_Agmon_mean": 6.3655218565096146,
        "F5_CZ_Pressure_min": 4.237259456291163,
        "F5_CZ_Pressure_mean": 4.323557419169582,
        "E4_Kato_Ponce_min": 3034649.3904763665,
        "E4_Kato_Ponce_mean": 58830844.76618799,
        "peak_enstrophy": 3.4646857165862963,
        "peak_enstrophy_time": 1.0441476010267063,
        "vs_at_peak_enstrophy": Infinity,
        "N": 64,
        "Re": 100,
        "n_steps": 63,
        "wall_time": 34.38584876060486
      },
      "500": {
        "vs_min": Infinity,
        "vs_mean": Infinity,
        "vs_min_time": 0,
        "F1_Ladyzhenskaya_min": 4.401300481878508,
        "F1_Ladyzhenskaya_mean": 4.695964977701875,
        "F3_Sobolev_H1_L6_min": 4.330349184347994,
        "F3_Sobolev_H1_L6_mean": 4.665398682009254,
        "E2E3_Vortex_Stretching_min": Infinity,
        "E2E3_Vortex_Stretching_mean": Infinity,
        "E1_Energy_min": 0.9936901257944007,
        "E1_Energy_mean": 0.9951101036029997,
        "R1F2_Prodi_Serrin_min": 7.242851398140934,
        "R1F2_Prodi_Serrin_mean": 7.7326435574734225,
        "F4G1_Agmon_min": 7.6289055221702,
        "F4G1_Agmon_mean": 8.711440648697208,
        "F5_CZ_Pressure_min": 4.2106943007740965,
        "F5_CZ_Pressure_mean": 4.21838052987522,
        "E4_Kato_Ponce_min": 40615.73938743722,
        "E4_Kato_Ponce_mean": 249570.69453882298,
        "peak_enstrophy": 9.925395407316154,
        "peak_enstrophy_time": 1.0133391020253282,
        "vs_at_peak_enstrophy": Infinity,
        "N": 64,
        "Re": 500,
        "n_steps": 38,
        "wall_time": 21.07918405532837
      },
      "1000": {
        "vs_min": Infinity,
        "vs_mean": Infinity,
        "vs_min_time": 0,
        "F1_Ladyzhenskaya_min": 4.727100586475301,
        "F1_Ladyzhenskaya_mean": 4.951252619558091,
        "F3_Sobolev_H1_L6_min": 4.700752251099667,
        "F3_Sobolev_H1_L6_mean": 4.956769679116962,
        "E2E3_Vortex_Stretching_min": Infinity,
        "E2E3_Vortex_Stretching_mean": Infinity,
        "E1_Energy_min": 0.9976028154190762,
        "E1_Energy_mean": 0.9982545256919352,
        "R1F2_Prodi_Serrin_min": 7.157431312559552,
        "R1F2_Prodi_Serrin_mean": 7.38698749131201,
        "F4G1_Agmon_min": 8.77101231394806,
        "F4G1_Agmon_mean": 9.825224360034902,
        "F5_CZ_Pressure_min": 4.210681488728977,
        "F5_CZ_Pressure_mean": 4.214744885924632,
        "E4_Kato_Ponce_min": 25689.94592845977,
        "E4_Kato_Ponce_mean": 209385.98717554333,
        "peak_enstrophy": 12.451255375330552,
        "peak_enstrophy_time": 1.0710121068330924,
        "vs_at_peak_enstrophy": Infinity,
        "N": 64,
        "Re": 1000,
        "n_steps": 44,
        "wall_time": 24.35983681678772
      }
    }
  },
  "anti_parallel": {
    "name": "Anti-Parallel Vortex Tubes",
    "runs": {
      "100": {
        "vs_min": Infinity,
        "vs_mean": Infinity,
        "vs_min_time": 0,
        "F1_Ladyzhenskaya_min": 3.6631863163286127,
        "F1_Ladyzhenskaya_mean": 3.9462578731674203,
        "F3_Sobolev_H1_L6_min": 3.4099372228769393,
        "F3_Sobolev_H1_L6_mean": 3.804445858923498,
        "E2E3_Vortex_Stretching_min": Infinity,
        "E2E3_Vortex_Stretching_mean": Infinity,
        "E1_Energy_min": 0.991130729543353,
        "E1_Energy_mean": 0.9922357603136382,