{
  "parameters": {
    "tau": 1.57e-05,
    "omega_max": 100.0,
    "dt": 0.01,
    "n_periods_cap": 200,
    "n_traj": 20,
    "L_values": [
      1.0,
      0.9,
      0.7,
      0.5
    ],
    "base_seed": 42
  },
  "sanity": {
    "r_mean": 0.9999999989711033,
    "r_std": 5.158289032105645e-10,
    "E_mean": -0.5000000004363254,
    "E_std": 2.5191833132074874e-10
  },
  "zpf_rms": {
    "measured": 11.177162391840305,
    "theoretical": 11.177505550306734
  },
  "results": {
    "1.0": {
      "L": 1.0,
      "N_traj": 20,
      "n_ionized": 2,
      "fraction_ionized": 0.1,
      "mean_T_ion_periods": 56.68303298217853,
      "std_T_ion_periods": 8.24263450272926,
      "mean_r_early": 1.4728213810855213,
      "t_ions_periods": [
        64.92566748490779,
        48.44039847944927
      ]
    },
    "0.9": {
      "L": 0.9,
      "N_traj": 20,
      "n_ionized": 7,
      "fraction_ionized": 0.35,
      "mean_T_ion_periods": 105.37012162342025,
      "std_T_ion_periods": 47.16533842087946,
      "mean_r_early": 1.2441570243853741,
      "t_ions_periods": [
        134.86312412777934,
        109.57976986820086,
        32.111101318220804,
        193.90483336657977,
        88.48219061193922,
        70.89875249914662,
        107.75107957207499
      ]
    },
    "0.7": {
      "L": 0.7,
      "N_traj": 20,
      "n_ionized": 15,
      "fraction_ionized": 0.75,
      "mean_T_ion_periods": 91.37965940257487,
      "std_T_ion_periods": 56.87352454006013,
      "mean_r_early": 1.0446177647835626,
      "t_ions_periods": [
        196.63115754174393,
        120.59488347959095,
        138.55711035694225,
        53.10204676261089,
        176.14155016809335,
        3.7051270751793237,
        83.03909155819639,
        47.60801812707865,
        134.9904480822529,
        12.422043308322431,
        63.224301143255424,
        132.80047606530837,
        39.6343554781747,
        47.98203224334461,
        120.26224964852888
      ]
    },
    "0.5": {
      "L": 0.5,
      "N_traj": 20,
      "n_ionized": 19,
      "fraction_ionized": 0.95,
      "mean_T_ion_periods": 42.086933151220805,
      "std_T_ion_periods": 53.94748312562946,
      "mean_r_early": 1.1455946573601836,
      "t_ions_periods": [
        19.668367867296425,
        2.6101410667070835,
        147.78650550684125,
        34.38224235614215,
        3.014394622160498,
        147.36951955594049,
        94.50143055967469,
        31.157763209100352,
        6.875493541569879,
        0.2355493157760051,
        15.025818177305839,
        28.79431230418571,
        3.9916059727447353,
        63.20361100065348,
        16.517099994076897,
        0.5299859604960115,
        13.906958927369814,
        1.7841269120601468,
        168.29680302309382
      ]
    }
  }
}