{
  "delta_e": {
    "3": {
      "0.0": 0.0,
      "0.2": 0.029368071009688135,
      "0.5": 0.039182397713617534,
      "1.0": 0.04330533846678064
    },
    "2": {
      "0.0": 0.0,
      "0.2": -0.055637260956530654,
      "0.5": -0.06543692204315238,
      "1.0": -0.06608836991715086
    },
    "1": {
      "0.0": 0.0,
      "0.2": -0.10225126451733091,
      "0.5": -0.11326745932868426,
      "1.0": -0.11256682523589182
    },
    "0": {
      "0.0": 0.0,
      "0.2": -0.13472494319861347,
      "0.5": -0.14228350392367364,
      "1.0": -0.1376025034806002
    }
  },
  "alpha": {
    "3": 0.24514201077842313,
    "2": 0.1106216902658375,
    "1": 0.062435149753228864,
    "0": 0.015559583252916186
  },
  "sign": {
    "3": 1.0,
    "2": -1.0,
    "1": -1.0,
    "0": -1.0
  },
  "summary": {
    "n3_positive": true,
    "n2_positive": false,
    "n1_positive": false,
    "n0_positive": false,
    "alpha_n3": 0.24514201077842313,
    "verdict": "H1_supported_strongly"
  }
}