variable,g_bar,Phi_bar,Sigma_bar,|dg_bar/dr|
g_bar,1.0,0.9073881206940565,1.0,0.8860695183295169
Phi_bar,0.9073881206940565,1.0,0.9073881206940563,0.7459252292889851
Sigma_bar,1.0,0.9073881206940562,1.0,0.8860695183295167
|dg_bar/dr|,0.886069518329517,0.745925229288985,0.8860695183295169,1.0
