{
  "11a1": {
    "rank": 0,
    "exponent": -0.1759863972508982,
    "intercept": -0.15699102251668096
  },
  "37a1": {
    "rank": 1,
    "exponent": -0.2613666390229417,
    "intercept": 0.4757841962542439
  },
  "389a1": {
    "rank": 2,
    "exponent": -0.3298876283603524,
    "intercept": 0.6362356154634741
  },
  "5077a1": {
    "rank": 3,
    "exponent": -0.35859781531679114,
    "intercept": 0.8269096065310532
  }
}