{
  "n_zeros": 30,
  "n_match": 8,
  "n_fourier_modes": 5,
  "grid_size": 70,
  "zeta_zeros": [
    14.134725141734695,
    21.022039638771556,
    25.01085758014569,
    30.424876125859512,
    32.93506158773919,
    37.586178158825675,
    40.9187190121475,
    43.327073280915,
    48.00515088116716,
    49.7738324776723,
    52.970321477714464,
    56.44624769706339,
    59.34704400260235,
    60.83177852460981,
    65.1125440480816,
    67.07981052949417,
    69.54640171117398,
    72.0671576744819,
    75.70469069908393,
    77.1448400688748,
    79.33737502024937,
    82.91038085408603,
    84.73549298051705,
    87.42527461312523,
    88.80911120763446,
    92.49189927055849,
    94.65134404051989,
    95.87063422824531,
    98.83119421819369,
    101.31785100573138
  ],
  "direct_optimization": {
    "loss": 0.29580249356844435,
    "converged": true,
    "r0": 0.8882682255258296,
    "fourier_coeffs": [
      0.027224717794486146,
      0.15290419726872523,
      0.038305725490919255,
      0.11958732753199283,
      0.05621101313318156,
      0.08938500857139706,
      0.08012350425220426,
      0.06367530829523728,
      0.10895145124173279,
      0.04363205136693122
    ],
    "eigenvalues": [
      8.267506062540381,
      16.74134425127221,
      22.32477141851246,
      29.117390675728235,
      34.07979305762292,
      40.703543760464704,
      47.74341814838619,
      51.884447969121
    ]
  },
  "de_optimization": {
    "loss": 0.0018825068871153577,
    "r0": 0.9487120269586592,
    "fourier_coeffs": [
      -0.05678165219046108,
      0.006404343807558819,
      -0.05958838089221712,
      -0.03167282272264084,
      -0.15836519178560177,
      -0.18405935435716328,
      0.2393522042420564,
      -0.1314308332026938,
      -0.14112885709485815,
      -0.3033578745541757
    ],
    "eigenvalues": [
      13.880909385687737,
      20.384491596564338,
      25.524466536487804,
      30.869361538343206,
      33.35873674983761,
      39.10986119527112,
      41.70661675681961,
      44.54151094533327
    ]
  },
  "weyl_analysis": {
    "gamma_n_over_n_first": 14.134725141734695,
    "gamma_n_over_n_last": 3.3772617001910463,
    "ratio_decrease_pct": 76.10663337046985
  }
}