{
  "beta": 0.0,
  "var_x_ensemble": 0.46753716445471566,
  "var_x_traj_mean": 0.49371161105228933,
  "var_x_traj_std": 0.007954070983405977,
  "x4_mean": 0.7268453542314397,
  "x4_std": 0.023211727797253688,
  "PE": 0.24685580552614467
}