{
  "task3": {
    "mean_abs_delta_bl_n50plus": 98.41423448673216,
    "mean_abs_delta_coffey_n50plus": 40.34950848706368
  },
  "task4a": {
    "fft_dominant_period": 451.0,
    "fft_dominant_power": 4031515.7841880224
  },
  "task4c": {
    "mean_delta_at_primes": 32.37606116466178,
    "mean_delta_at_nonprimes": 37.37261300502485,
    "t_statistic": -1.3327461535856175
  }
}