{
  "number_variance": {
    "L_values": [
      0.11513953993264472,
      0.13257113655901093,
      0.15264179671752334,
      0.1757510624854792,
      0.20235896477251572,
      0.2329951810515372,
      0.2682695795279726,
      0.3088843596477481,
      0.35564803062231287,
      0.40949150623804254,
      0.47148663634573934,
      0.5428675439323859,
      0.6250551925273973,
      0.7196856730011519,
      0.8286427728546845,
      0.9540954763499939,
      1.0985411419875584,
      1.2648552168552958,
      1.4563484775012436,
      1.6768329368110082,
      1.9306977288832496,
      2.2229964825261943,
      2.5595479226995357,
      2.9470517025518097,
      3.393221771895328,
      3.906939937054617,
      4.498432668969446,
      5.17947467923121,
      5.963623316594643,
      6.8664884500430015,
      7.906043210907698,
      9.102981779915218,
      10.481131341546853,
      12.067926406393289,
      13.894954943731374,
      15.998587196060573,
      18.420699693267164,
      21.209508879201906,
      24.420530945486497,
      28.11768697974231,
      32.374575428176435,
      37.27593720314938,
      42.91934260128778,
      49.417133613238335,
      56.89866029018293,
      65.51285568595509,
      75.43120063354615,
      86.85113737513521,
      100.0
    ],
    "sigma2_data": [
      0.10297244670359192,
      0.11222125570038646,
      0.12842620660004841,
      0.14781759313874046,
      0.1630926143411876,
      0.18385236890581355,
      0.1998065065549283,
      0.2179975055061298,
      0.23317311482154288,
      0.24994087839317353,
      0.2638660256137813,
      0.2753264598185942,
      0.2855459082427908,
      0.28987227035237645,
      0.29881292630718975,
      0.30636843049255463,
      0.315404681458235,
      0.33051238175112047,
      0.3344326841593294,
      0.3298430923510458,
      0.3515315537151496,
      0.3589763714174167,
      0.34100773272836776,
      0.35793574875201306,
      0.34854453395769497,
      0.3503972638009562,
      0.3247027847513226,
      0.3174903019058862,
      0.2931018490166142,
      0.27458866505715535,
      0.2948399626120563,
      0.30240011919819126,
      0.30652197810129017,
      0.3317448257378782,
      0.30443952888311254,
      0.2717683402705515,
      0.30309144428628687,
      0.32055316035010195,
      0.3178090731434527,
      0.3462101216725241,
      0.29275233725761773,
      0.3225734438967483,
      0.35709064327485374,
      0.2794808524274957,
      0.34437946718648477,
      0.29673803871439003,
      0.3226165771484375,
      0.3138756372719642,
      0.5104986149584487
    ],
    "sigma2_gue": [
      0.004008607621340308,
      0.03257603379187411,
      0.06114345996240792,
      0.08971088613294168,
      0.11827831230347544,
      0.14684573847400917,
      0.17541316464454296,
      0.20398059081507677,
      0.23254801698561048,
      0.26111544315614427,
      0.289682869326678,
      0.31825029549721173,
      0.34681772166774555,
      0.3753851478382793,
      0.4039525740088131,
      0.43252000017934683,
      0.46108742634988065,
      0.48965485252041435,
      0.5182222786909481,
      0.5467897048614819,
      0.5753571310320156,
      0.6039245572025496,
      0.6324919833730832,
      0.661059409543617,
      0.6896268357141506,
      0.7181942618846846,
      0.7467616880552185,
      0.775329114225752,
      0.8038965403962859,
      0.8324639665668195,
      0.8610313927373532,
      0.8895988189078873,
      0.9181662450784207,
      0.9467336712489547,
      0.9753010974194884,
      1.0038685235900222,
      1.032435949760556,
      1.0610033759310895,
      1.0895708021016233,
      1.1181382282721575,
      1.146705654442691,
      1.1752730806132248,
      1.2038405067837585,
      1.2324079329542923,
      1.260975359124826,
      1.28954278529536,
      1.3181102114658938,
      1.3466776376364276,
      1.375245063806961
    ],
    "max_abs_dev": 1.0328020003644633,
    "max_abs_dev_L": 86.85113737513521,
    "max_rel_dev": 2468.783388910544,
    "max_rel_dev_L": 0.11513953993264472,
    "mean_abs_dev": 0.4166220047013989,
    "mean_rel_dev": 104.01603324930839,
    "slope_small_L": 0.08058947589291583,
    "slope_large_L": 0.012641430952132094,
    "gue_slope": 0.20264236728467555
  },
  "spectral_rigidity": {
    "L_values": [
      0.7205460274968757,
      0.8649830358120975,
      1.0383731554830569,
      1.2465201806131891,
      1.4963913044854245,
      1.7963503286710432,
      2.156437620055681,
      2.588706186633254,
      3.1076251213518757,
      3.7305639182703536,
      4.478373872279179,
      5.376086023265764,
      6.453749006633129,
      7.747434855091248,
      9.300446418382815,
      11.16476681625366,
      13.402799441426565,
      16.089456754761038,
      19.31466778971452,
      23.186388298451675,
      27.83421429660131,
      33.41371996089879,
      40.11166507982563,
      48.152246363437385,
      57.804601859107,
      69.39181966445136,
      83.3017524812362,
      100.0
    ],
    "delta3_data": [
      0.08856164850052084,
      0.08860445911405548,
      0.08978007605223397,
      0.08932676305834908,
      0.09090691053289575,
      0.09811754415721038,
      0.10524959372519452,
      0.10356602669598418,
      0.11350273088482336,
      0.11769395000995551,
      0.12811915457127726,
      0.1336784545227912,
      0.1405841367202941,
      0.1463472489783233,
      0.1510884424834662,
      0.15311170049375655,
      0.15334147178065052,
      0.15365771871191858,
      0.15503504994419265,
      0.15509127799227007,
      0.1555179551033506,
      0.15558568640819784,
      0.15578053523952387,
      0.15586767808720522,
      0.15597201984977144,
      0.15611818889937945,
      0.15606802387009513,
      0.15615314620641968
    ],
    "delta3_gue": [
      0.0015076303380655487,
      0.02001907126535529,
      0.038530512192644986,
      0.05704195311993463,
      0.07555339404722433,
      0.09406483497451407,
      0.11257627590180375,
      0.1310877168290934,
      0.1495991577563831,
      0.16811059868367279,
      0.1866220396109625,
      0.20513348053825217,
      0.22364492146554188,
      0.24215636239283156,
      0.26066780332012124,
      0.279179244247411,
      0.29769068517470065,
      0.31620212610199033,
      0.33471356702928007,
      0.35322500795656975,
      0.3717364488838594,
      0.3902478898111491,
      0.40875933073843884,
      0.4272707716657286,
      0.44578221259301815,
      0.46429365352030794,
      0.48280509444759767,
      0.5013165353748873
    ],
    "max_abs_dev": 0.3451633891684676,
    "max_abs_dev_L": 100.0,
    "max_rel_dev": 5774.228334656288,
    "max_rel_dev_L": 0.7205460274968757,
    "mean_abs_dev": 0.13765252636936737,
    "mean_rel_dev": 263.00204490449283,
    "slope_small_L": 0.02608036342522185,
    "slope_large_L": 0.0017545057744828409
  },