{
  "n_exp": 3,
  "C_n": 0.01954057403358262,
  "results": {
    "0.0": {
      "var_x_mean": 0.49216813479902366,
      "var_x_std": 0.0011299814340743662,
      "var_x_qm": 0.5000000000000001,
      "raw_err": -0.007831865200976451
    },
    "0.2": {
      "var_x_mean": 0.3914997635014211,
      "var_x_std": 0.0019398552938154937,
      "var_x_qm": 0.36996355769270944,
      "raw_err": 0.021536205808711684
    },
    "0.5": {
      "var_x_mean": 0.3371641832302298,
      "var_x_std": 0.0012797881634183793,
      "var_x_qm": 0.3058136507175887,
      "raw_err": 0.03135053251264108
    },
    "1.0": {
      "var_x_mean": 0.29262329470861187,
      "var_x_std": 0.000783931099308893,
      "var_x_qm": 0.2571498214428077,
      "raw_err": 0.03547347326580419
    }
  }
}