{
  "chi2_poisson": 0.01943171115319689,
  "chi2_goe": 0.8376379364725437,
  "chi2_gue": 0.9755499094203316,
  "best_match": "Poisson",
  "beta_fit": -0.3128192658281485,
  "N_bulk": 982
}