{
  "parameters": {
    "tau": 0.01,
    "omega0": 1.0,
    "omega_max": 10.0,
    "dt": 0.05,
    "T": 20000.0,
    "N_ensemble": 200
  },
  "qm_ref": {
    "0.0": 0.5000000000000001,
    "0.2": 0.3699635576927096,
    "0.5": 0.30581365071758676,
    "1.0": 0.2571498214428059
  },
  "task_A": {
    "exponents": [
      2.25,
      2.5,
      2.75
    ],
    "normalization": {
      "2.25": {
        "C_n": 0.019742133800556692,
        "var_calib": 25.32654296902298,
        "var_verified": 0.492069837815969,
        "var_verified_std": 0.0011415351566360322
      },
      "2.5": {
        "C_n": 0.01969500219161929,
        "var_calib": 25.387151274995155,
        "var_verified": 0.492093727505802,
        "var_verified_std": 0.00113884107981221
      },
      "2.75": {
        "C_n": 0.019630224928403116,
        "var_calib": 25.470925668128558,
        "var_verified": 0.4921256149608496,
        "var_verified_std": 0.0011351289665862564
      }
    },
    "raw_results": {
      "2.25": {
        "0.0": {
          "var_x_mean": 0.492069837815969,
          "var_x_std": 0.0011415351566360322,
          "var_x_qm": 0.5000000000000001,
          "raw_err": -0.007930162184031087
        },
        "0.2": {
          "var_x_mean": 0.31947097357782955,
          "var_x_std": 0.0013953186969965646,
          "var_x_qm": 0.3699635576927096,
          "raw_err": -0.05049258411488006
        },
        "0.5": {
          "var_x_mean": 0.25000031368443354,
          "var_x_std": 0.0008634737998622062,
          "var_x_qm": 0.30581365071758676,
          "raw_err": -0.05581333703315322
        },
        "1.0": {
          "var_x_mean": 0.19937854089031312,
          "var_x_std": 0.0005619509962735245,
          "var_x_qm": 0.2571498214428059,
          "raw_err": -0.05777128055249278
        }
      },
      "2.5": {
        "0.0": {
          "var_x_mean": 0.492093727505802,
          "var_x_std": 0.00113884107981221,
          "var_x_qm": 0.5000000000000001,
          "raw_err": -0.007906272494198119
        },
        "0.2": {
          "var_x_mean": 0.33837941942744215,
          "var_x_std": 0.0016144836050034873,
          "var_x_qm": 0.3699635576927096,
          "raw_err": -0.03158413826526746
        },
        "0.5": {
          "var_x_mean": 0.27193075542141903,
          "var_x_std": 0.0010058415390434997,
          "var_x_qm": 0.30581365071758676,
          "raw_err": -0.033882895296167725
        },
        "1.0": {
          "var_x_mean": 0.22185526599965857,
          "var_x_std": 0.0006461588751309046,
          "var_x_qm": 0.2571498214428059,
          "raw_err": -0.03529455544314733
        }
      },
      "2.75": {
        "0.0": {
          "var_x_mean": 0.4921256149608496,
          "var_x_std": 0.0011351289665862564,
          "var_x_qm": 0.5000000000000001,
          "raw_err": -0.0078743850391505
        },
        "0.2": {
          "var_x_mean": 0.36483403792736707,
          "var_x_std": 0.0016146284817768145,
          "var_x_qm": 0.3699635576927096,
          "raw_err": -0.005129519765342538
        },
        "0.5": {
          "var_x_mean": 0.3008863684524603,
          "var_x_std": 0.0011640251151435552,
          "var_x_qm": 0.30581365071758676,
          "raw_err": -0.004927282265126454
        },
        "1.0": {
          "var_x_mean": 0.2533644924871916,
          "var_x_std": 0.000803949972890415,
          "var_x_qm": 0.2571498214428059,
          "raw_err": -0.0037853289556142866
        }
      }
    },
    "delta_e": {
      "2.25": {
        "0.0": 0.0,
        "0.2": -0.04256242193084897,
        "0.5": -0.047883174849122134,
        "1.0": -0.049841118368461695
      },
      "2.5": {
        "0.0": 0.0,
        "0.2": -0.02367786577106934,
        "0.5": -0.025976622801969607,
        "1.0": -0.02738828294894921
      },
      "2.75": {
        "0.0": 0.0,
        "0.2": 0.0027448652738079615,
        "0.5": 0.0029471027740240463,
        "1.0": 0.004089056083536213
      }
    },
    "n_star_linear": 2.717523810706202,
    "n_star_quadratic": 2.7199788428567557,
    "e007_anchors": {
      "2.00": {
        "delta_e_b1": -0.06608836991715086
      },
      "3.00": {
        "delta_e_b1": 0.04330533846678064
      }
    }
  },
  "task_B": {
    "C3_physical": 0.02,
    "C3_calibrated_e007": 0.01954057403358262,
    "results": {
      "0.0": {
        "var_x_mean": 0.5037396894821802,
        "var_x_std": 0.0011565488630296545,
        "var_x_qm": 0.5000000000000001,
        "raw_err": 0.003739689482180064
      },
      "0.2": {
        "var_x_mean": 0.39860680225365447,
        "var_x_std": 0.001953823985790762,
        "var_x_qm": 0.3699635576927096,
        "raw_err": 0.02864324456094486
      },
      "0.5": {
        "var_x_mean": 0.3466902011851979,
        "var_x_std": 0.0013542728814140898,
        "var_x_qm": 0.30581365071758676,
        "raw_err": 0.04087655046761113
      },
      "1.0": {
        "var_x_mean": 0.2985769630672629,
        "var_x_std": 0.000912544530153283,
        "var_x_qm": 0.2571498214428059,
        "raw_err": 0.04142714162445699
      }
    },
    "delta_e": {
      "0.0": 0.0,
      "0.2": 0.024903555078764794,
      "0.5": 0.037136860985431064,
      "1.0": 0.03768745214227692
    },
    "fit": {
      "alpha": 0.23864741194656786,
      "alpha_err": 0.1259074210697278,
      "C": 0.039466703139166066,
      "C_err": 0.004183429769662366
    }
  }
}