{
  "n_exp": 2.75,
  "C_n": 0.019630224928403116,
  "results": {
    "0.0": {
      "var_x_mean": 0.4921256149608496,
      "var_x_std": 0.0011351289665862564,
      "var_x_qm": 0.5000000000000001,
      "raw_err": -0.0078743850391505
    },
    "0.2": {
      "var_x_mean": 0.36483403792736707,
      "var_x_std": 0.0016146284817768145,
      "var_x_qm": 0.3699635576927096,
      "raw_err": -0.005129519765342538
    },
    "0.5": {
      "var_x_mean": 0.3008863684524603,
      "var_x_std": 0.0011640251151435552,
      "var_x_qm": 0.30581365071758676,
      "raw_err": -0.004927282265126454
    },
    "1.0": {
      "var_x_mean": 0.2533644924871916,
      "var_x_std": 0.000803949972890415,
      "var_x_qm": 0.2571498214428059,
      "raw_err": -0.0037853289556142866
    }
  }
}