{
  "L": 4,
  "d": 4,
  "n_sites": 256,
  "n_links": 1024,
  "n_plaq": 1536,
  "K_curl_lambda_max": 16.00000000000002,
  "K_curl_lambda_min": -1.3945482671933016e-14,
  "bound_4d": 16.0,
  "conjecture_QI": true,
  "K_curl_eigenvalues_unique": [
    -0.0,
    2.0,
    4.0,
    6.0,
    8.0,
    10.0,
    12.0,
    14.0,
    16.0
  ],
  "BP_ratio_max_eigvec_QI": 15.99999999999981,
  "BP_ratio_staggered_QI": 0.0,
  "max_BP_ratio_random_configs": 6.261563579930347,
  "conjecture_random": true
}