{
  "K_curl_rayleigh_quotients": {
    "mode_A_isotropic": 0.0,
    "mode_B_directional_mu0": 12.0,
    "mode_C_alternating_mu": 16.0,
    "mode_D_zero_sum": 16.000000000000004,
    "lambda_max_K_curl": 16.000000000000004
  },
  "H_equals_bN_over_2_Kcurl": 0.0,
  "per_plaquette_bound": [
    {
      "config": "Q=I",
      "H_norm": 0.08333333333333338,
      "lambda_max": 4.000000000000003,
      "pp_ratio_max_vmax": 1.0000000000000009,
      "pp_ratio_min_vmax": 0.9999999999999989,
      "pp_ratio_max_rand": 1.00000000000005,
      "violated": false
    },
    {
      "config": "near-id eps=0.1",
      "H_norm": 0.08250974559420199,
      "lambda_max": 3.9604677885216955,
      "pp_ratio_max_vmax": 1.4187034884063965,
      "pp_ratio_min_vmax": 0.6529116024364836,
      "pp_ratio_max_rand": 24.00348970794001,
      "violated": true
    },
    {
      "config": "random Haar 1",
      "H_norm": 0.04293924892136258,
      "lambda_max": 2.061083948225404,
      "pp_ratio_max_vmax": 174.34958485928126,
      "pp_ratio_min_vmax": -493.07515549857015,
      "pp_ratio_max_rand": 2256.3641561871527,
      "violated": true
    },
    {
      "config": "random Haar 2",
      "H_norm": 0.04265672317586421,
      "lambda_max": 2.047522712441482,
      "pp_ratio_max_vmax": 131.0961366432679,
      "pp_ratio_min_vmax": -363.3721550369044,
      "pp_ratio_max_rand": 4198.566432579781,
      "violated": true
    }
  ]
}