{
  "boundaries": {
    "0.001": 0.055780756950378416,
    "0.005": 0.055491045951843274,
    "0.01": 0.05455518817901611,
    "0.015": 0.05287737369537354,
    "0.02": 0.05020724201202392,
    "0.025": 0.04590606021881105,
    "0.03": 0.03727803325653076,
    "0.031": 0.033616724967956535
  },
  "c5_estimates": {
    "0.001": -3.9862084768404803e+18,
    "0.005": -3.8744691222302935e+18,
    "0.01": -3.529791778767938e+18,
    "0.02": -2.2175926408362752e+18,
    "0.025": -1.3005110595667082e+18,
    "0.03": -2.53548988104674e+17,
    "0.031": -3.191224024338053e+16,
    "0.0311": -9559624328358668.0,
    "0.0312": 1.2826050466505086e+16,
    "0.0315": 8.017818212882699e+16,
    "0.032": 1.9306257672519123e+17,
    "0.035": 8.847515804042387e+17,
    "0.04": 2.0736760419730153e+18,
    "0.05": 4.441120801231342e+18
  },
  "u0_star_estimate": 0.031142722188834796
}