{
  "children_usd": 0.0,
  "currency": "USD",
  "direct_usd": 0.022865290000000003,
  "total_usd": 0.022865290000000003
}
