{
  "children_usd": 0.0,
  "currency": "USD",
  "direct_usd": 0.0020746999999999996,
  "total_usd": 0.0020746999999999996
}
