{
  "(0.001,0.05)_reverse_cross": 1.2325191036883658,
  "(0.01,0.05)_reverse_cross": 0.9478636291987403,
  "(0.001,0.01)_reverse_cross": 5.0
}