{
  "min_error_mean": 5.1099833157891034e-06,
  "min_error_median": 3.552217610855183e-06,
  "hits_1pct_mean": 1870.4226,
  "hits_0p1pct_mean": 224.8477,
  "hits_0p01pct_mean": 22.4783
}