{
  "prime_variances": [
    [
      2,
      0.279510468632267
    ],
    [
      3,
      0.17678679433320135
    ],
    [
      5,
      0.10313533631663567
    ],
    [
      7,
      0.07397405252234432
    ],
    [
      11,
      0.0468015786038613
    ],
    [
      13,
      0.03931363030869134
    ],
    [
      17,
      0.029975935228225635
    ],
    [
      19,
      0.026793786350459765
    ],
    [
      23,
      0.022294201349967683
    ],
    [
      29,
      0.017334976825219013
    ],
    [
      31,
      0.016282719181317618
    ],
    [
      37,
      0.013524196635169659
    ],
    [
      41,
      0.012325683021836257
    ],
    [
      43,
      0.011786329215154434
    ],
    [
      47,
      0.010680817692393752
    ]
  ],
  "max_cross_correlation": 0.12505466442484844,
  "euler_kernels": {
    "2": [
      -0.2939279767630198,
      -0.24415829822707708,
      0.8200078411312879,
      8.404685711679807,
      1.1555466546315531,
      0.2836939509977191,
      -0.4703475988592008,
      -0.11797160873126901,
      0.3582198653724334,
      0.0334009946286801,
      -0.340999625043149,
      0.033400994628682894,
      0.3582198653724325,
      -0.11797160873127231,
      -0.47034759885919847,
      0.2836939509977191,
      1.1555466546315492,
      8.404685711679777,
      0.8200078411312879,
      -0.24415829822708043,
      -0.2939279767630198
    ],
    "3": [
      0.8771512867867833,
      -0.07629131403863734,
      -0.25555484250598826,
      0.08305877390262423,
      0.13034752525692145,
      -0.0488490393370669,
      -0.04982774629186137,
      0.03211670875047101,
      0.0221577164507893,
      -0.030581654436331995,
      0.014959685274865422,
      -0.030581654436331686,
      0.022157716450789705,
      0.03211670875047055,
      -0.04982774629186233,
      -0.0488490393370669,
      0.1303475252569222,
      0.08305877390262115,
      -0.25555484250598826,
      -0.07629131403863346,
      0.8771512867867833
    ],
    "5": [
      -0.09047115006486889,
      0.006506197772947455,
      0.05394992215157767,
      -0.04536355265945947,
      -0.036073554586080116,
      0.013679958327282036,
      0.04063691442437395,
      -0.008461893651611534,
      -0.006584927049919659,
      -0.027736214141217977,
      0.06285828105670574,
      -0.027736214141217835,
      -0.006584927049920196,
      -0.008461893651611397,
      0.04063691442437432,
      0.013679958327282036,
      -0.036073554586080255,
      -0.045363552659458746,
      0.05394992215157767,
      0.006506197772946759,
      -0.09047115006486889
    ],
    "7": [
      0.05640259885674442,
      0.07453576680835843,
      -0.027796045396507943,
      -0.09055282275698842,
      0.0988618766440367,
      0.031200712992297982,
      -0.05915408150070199,
      -0.02183903975351963,
      0.053864942070184996,
      0.002929983663621272,
      -0.06071304132946639,
      0.0029299836636218378,
      0.05386494207018466,
      -0.021839039753520178,
      -0.05915408150070135,
      0.031200712992297982,
      0.0988618766440362,
      -0.0905528227569887,
      -0.027796045396507943,
      0.07453576680835862,
      0.05640259885674442
    ],
    "11": [
      -0.012901970096785327,
      0.030735053622908716,
      -0.0036409499750988516,
      -0.02916979536104341,
      0.024861397727870438,
      -0.017062939101541507,
      -0.005068259687034789,
      -0.030176888618364216,
      -0.0004475617347942266,
      0.027897114923476938,
      0.003517985316436241,
      0.02789711492347709,
      -0.00044756173479420933,
      -0.030176888618364144,
      -0.005068259687034779,
      -0.017062939101541507,
      0.024861397727870303,
      -0.029169795361043117,
      -0.0036409499750988516,
      0.030735053622908536,
      -0.012901970096785327
    ]
  },
  "u_test": [
    -1.0,
    -0.9,
    -0.8,
    -0.7,
    -0.6,
    -0.5,
    -0.3999999999999999,
    -0.29999999999999993,
    -0.19999999999999996,
    -0.09999999999999998,
    0.0,
    0.10000000000000009,
    0.20000000000000018,
    0.30000000000000004,
    0.40000000000000013,
    0.5,
    0.6000000000000001,
    0.7000000000000002,
    0.8,
    0.9000000000000001,
    1.0
  ],
  "dh_coefficients": [
    [
      1.0,
      0.0
    ],
    [
      0.28407904384041227,
      0.0
    ],
    [
      -0.28407904384041227,
      0.0
    ],
    [
      -1.0,
      0.0
    ],
    [
      0.0,
      0.0
    ],
    [
      1.0,
      0.0
    ],
    [
      0.28407904384041227,
      0.0
    ],
    [
      -0.28407904384041227,
      0.0
    ],
    [
      -1.0,
      0.0
    ],
    [
      0.0,
      0.0
    ],
    [
      1.0,
      0.0
    ],
    [
      0.28407904384041227,
      0.0
    ],
    [
      -0.28407904384041227,
      0.0
    ],
    [
      -1.0,
      0.0
    ],
    [
      0.0,
      0.0
    ],
    [
      1.0,
      0.0
    ],
    [
      0.28407904384041227,
      0.0
    ],
    [
      -0.28407904384041227,
      0.0
    ],
    [
      -1.0,
      0.0
    ],
    [
      0.0,
      0.0
    ],
    [
      1.0,
      0.0
    ],
    [
      0.28407904384041227,
      0.0
    ],
    [
      -0.28407904384041227,
      0.0
    ],
    [
      -1.0,
      0.0
    ],
    [
      0.0,
      0.0
    ],
    [
      1.0,
      0.0
    ],
    [
      0.28407904384041227,
      0.0
    ],
    [
      -0.28407904384041227,
      0.0
    ],
    [
      -1.0,
      0.0
    ],
    [
      0.0,
      0.0
    ]
  ]
}