{
  "part_b_optimal": {
    "50": {
      "N": 50,
      "r": 0.5,
      "mode_idx": 12,
      "omega_m": 0.7795717465853588,
      "n_R": 25,
      "probe_local": 23,
      "probe_global": 48,
      "U_probe_m": 0.19793558710323622,
      "recon_vac": 3.2638562677210704e-15,
      "recon_sq": 2.5005383260032635e-15,
      "discrepancy": 5.744491117218345,
      "amplitude_ratio": 10.436985366683956,
      "max_delta_C_local": 0.1657817312186698,
      "max_delta_C_full": 0.015884062820272216,
      "peaks_local": [
        [
          5.609981271423464,
          36.16301387325389
        ],
        [
          0.4707676591404305,
          16.212935285572826
        ],
        [
          4.903829782712818,
          15.618297160311513
        ],
        [
          3.2169123374596085,
          12.451265776015202
        ],
        [
          6.041518292302191,
          9.036222595119147
        ],
        [
          4.5115234000957924,
          7.289870614187336
        ]
      ],
      "peaks_full": [
        [
          0.7846127652340509,
          7.912380842788563
        ],
        [
          1.2161497861127788,
          2.0689692226994443
        ],
        [
          1.5692255304681018,
          1.3391683159992103
        ]
      ],
      "eps_vac_range": [
        1.8238525834130046,
        35.23192357547063
      ],
      "eps_sq_range": [
        1.830684980410471,
        35.23192357547063
      ]
    },
    "100": {
      "N": 100,
      "r": 0.5,
      "mode_idx": 25,
      "omega_m": 0.7868671799335047,
      "n_R": 50,
      "probe_local": 17,
      "probe_global": 67,
      "U_probe_m": -0.14070249078741306,
      "recon_vac": 3.291320099888954e-15,
      "recon_sq": 1.3148918581438505e-14,
      "discrepancy": 7.3780140279909565,
      "amplitude_ratio": 11.698959292841442,
      "max_delta_C_local": 0.09302920066622339,
      "max_delta_C_full": 0.007951921050203814,
      "peaks_local": [
        [
          5.413828080114951,
          23.318086288374477
        ],
        [
          1.4907642539446966,
          9.045996317093303
        ],
        [
          4.236908932263875,
          8.136159830702375
        ],
        [
          1.9223012748234247,
          7.817268535349303
        ],
        [
          0.19615319130851272,
          6.261028949143714
        ],
        [
          4.982291059236223,
          6.018554935567672
        ]
      ],
      "peaks_full": [
        [
          0.8238434034957534,
          3.9852228866522337
        ],
        [
          1.2553804243744813,
          1.0419587538824868
        ],
        [
          1.5692255304681018,
          0.6760713182385825
        ]
      ],
      "eps_vac_range": [
        1.6176053782302657,
        35.23192357547063
      ],
      "eps_sq_range": [
        1.5726582125069477,
        35.23192357547063
      ]
    },
    "200": {
      "N": 200,
      "r": 0.5,
      "mode_idx": 50,
      "omega_m": 0.7761837053444994,
      "n_R": 100,
      "probe_local": 31,
      "probe_global": 131,
      "U_probe_m": -0.0997235205688973,
      "recon_vac": 3.926996193451533e-15,
      "recon_sq": 5.04516127348585e-15,
      "discrepancy": 7.94079887981294,
      "amplitude_ratio": 15.903838605309934,
      "max_delta_C_local": 0.06440247571490088,
      "max_delta_C_full": 0.004049492535305177,
      "peaks_local": [
        [
          5.570750633161761,
          11.48346024896096
        ],
        [
          5.060752335759628,
          4.697212938360129
        ],
        [
          1.0984578713276711,
          4.590702971324351
        ],
        [
          0.3138451060936203,
          4.121218469435977
        ],
        [
          3.0207591461510956,
          3.3909934939227773
        ],
        [
          3.4915268052915263,
          3.283586235221689
        ]
      ],
      "peaks_full": [
        [
          0.7846127652340509,
          2.0110518031662865
        ],
        [
          1.2161497861127788,
          0.5269043123341498
        ],
        [
          1.5692255304681018,
          0.33900747078102755
        ]
      ],
      "eps_vac_range": [
        1.4526110595333426,
        35.23192357547063
      ],
      "eps_sq_range": [
        1.4533285731329648,
        35.23192357547063
      ]
    }
  },
  "part_c_optimal": {
    "50": {
      "N": 50,
      "r": 0.5,
      "mode_idx": 4,
      "omega_m": 0.3067833097573707,
      "n_R": 25,
      "probe_local": 20,
      "probe_global": 45,
      "U_probe_m": 0.19793558710323625,
      "recon_vac": 3.2638562677210704e-15,
      "recon_sq": 2.0569665181050175e-15,
      "discrepancy": 5.485836712349432,
      "amplitude_ratio": 8.629506354959593,
      "max_delta_C_local": 0.3483147864655264,
      "max_delta_C_full": 0.040363234249817914,
      "peaks_local": [
        [
          1.6869174452532094,
          54.1313376321993
        ],
        [
          5.413828080114951,
          49.06336682944247
        ],
        [
          0.509998297402133,
          43.80430284069343
        ],
        [
          4.040755740955362,
          32.81806981549282
        ],
        [
          3.099220422674501,
          31.81670111407644
        ],
        [
          0.941535318280861,
          25.51259984956684
        ]
      ],
      "peaks_full": [
        [
          0.35307574435532285,
          20.524054809667536
        ],
        [
          0.7453821269723483,
          6.175871195588875
        ],
        [
          1.0984578713276711,
          4.04577217349446
        ]
      ],
      "eps_vac_range": [
        1.8238525834130046,
        35.23192357547063
      ],
      "eps_sq_range": [
        1.8648335208315525,
        35.23192357547063
      ]
    },
    "100": {
      "N": 100,
      "r": 0.5,
      "mode_idx": 9,
      "omega_m": 0.3097963604281693,
      "n_R": 50,
      "probe_local": 45,
      "probe_global": 95,
      "U_probe_m": -0.14070249078741306,
      "recon_vac": 3.291320099888954e-15,
      "recon_sq": 2.800580390758955e-15,
      "discrepancy": 7.294847445988389,
      "amplitude_ratio": 12.517966437724652,
      "max_delta_C_local": 0.2528313726453778,
      "max_delta_C_full": 0.020197479670774232,
      "peaks_local": [
        [
          5.139213612283033,
          63.476233394452166
        ],
        [
          0.509998297402133,
          20.209643815822233
        ],
        [
          5.649211909685166,
          17.074782857187344
        ],
        [
          1.4907642539446966,
          10.07518376159401
        ],
        [
          2.549991487010665,
          8.821866071477922
        ],
        [
          2.15768510439364,
          7.766483302828618
        ]
      ],
      "peaks_full": [
        [
          0.35307574435532285,
          10.337404727385218
        ],
        [
          0.7846127652340509,
          3.075222921983369
        ],
        [
          1.0984578713276711,
          2.0162312975616667
        ]
      ],
      "eps_vac_range": [
        1.6176053782302657,
        35.23192357547063
      ],
      "eps_sq_range": [
        1.5371998271254397,
        35.23192357547063
      ]
    },
    "200": {
      "N": 200,
      "r": 0.5,
      "mode_idx": 18,
      "omega_m": 0.29587645532065976,
      "n_R": 100,
      "probe_local": 63,
      "probe_global": 163,
      "U_probe_m": -0.09974788759320535,
      "recon_vac": 3.926996193451533e-15,
      "recon_sq": 4.599620616605736e-15,
      "discrepancy": 8.375105524411856,
      "amplitude_ratio": 16.536721160623575,
      "max_delta_C_local": 0.1757584971713504,
      "max_delta_C_full": 0.010628376415383833,