{
  "part_a": {
    "50": {
      "N": 50,
      "alpha": 1.0,
      "mode_idx": 12,
      "omega_m": 0.7795717465853588,
      "mu_k": 0.15005963836351374,
      "mu_k_sq": 0.022517895065788524,
      "recon_err": 3.2638562677210704e-15,
      "err_local": 2.7755575615628914e-17,
      "err_full": 5.551115123125783e-17,
      "vac_ctrl": 2.220446049250313e-16,
      "delta_C_local_std": 1.4087834495375952e-17,
      "delta_C_full_amplitude": 0.022517895065788524,
      "peaks_local": [
        [
          0.5492289356638356,
          2.5152234863841456e-15
        ],
        [
          6.002287654040489,
          1.4884879259559147e-15
        ],
        [
          1.2161497861127788,
          1.4519983195849819e-15
        ],
        [
          6.669208504489433,
          1.3680461907299522e-15
        ],
        [
          5.335366803591546,
          1.3314884019974307e-15
        ]
      ],
      "peaks_full": [
        [
          0.7846127652340509,
          11.216913679734146
        ],
        [
          1.2161497861127788,
          2.933055124387479
        ],
        [
          1.5692255304681018,
          1.898459604214918
        ],
        [
          0.35307574435532285,
          1.4551232766293873
        ],
        [
          1.883070636561722,
          1.4379119787682468
        ]
      ]
    },
    "100": {
      "N": 100,
      "alpha": 1.0,
      "mode_idx": 25,
      "omega_m": 0.7868671799335047,
      "mu_k": 0.1418173647740448,
      "mu_k_sq": 0.020112164951454483,
      "recon_err": 3.291320099888954e-15,
      "err_local": 3.122502256758253e-17,
      "err_full": 5.551115123125783e-17,
      "vac_ctrl": 1.2212453270876722e-15,
      "delta_C_local_std": 1.515040389509472e-17,
      "delta_C_full_amplitude": 0.020112164951454483,
      "peaks_local": [
        [
          11.808422116772466,
          3.5154596565376072e-15
        ],
        [
          12.514573605483111,
          2.9009327605315833e-15
        ],
        [
          10.278427224566066,
          2.5105895888389826e-15
        ],
        [
          10.709964245444795,
          2.2824006799841546e-15
        ],
        [
          3.6484493583383366,
          2.0952680724424437e-15
        ]
      ],
      "peaks_full": [
        [
          0.8238434034957534,
          10.079509034185717
        ],
        [
          1.2553804243744813,
          2.635343861991602
        ],
        [
          1.5692255304681018,
          1.7099337110512507
        ],
        [
          0.35307574435532285,
          1.3530797281848252
        ],
        [
          1.883070636561722,
          1.2923214787738713
        ]
      ]
    },
    "200": {
      "N": 200,
      "alpha": 1.0,
      "mode_idx": 50,
      "omega_m": 0.7761837053444994,
      "mu_k": -0.014994017716002866,
      "mu_k_sq": 0.00022482056726780782,
      "recon_err": 3.926996193451533e-15,
      "err_local": 1.0595365730614592e-16,
      "err_full": 1.0679391398982219e-16,
      "vac_ctrl": 4.440892098500626e-15,
      "delta_C_local_std": 8.090226463213189e-18,
      "delta_C_full_amplitude": 0.00022482056726780782,
      "peaks_local": [
        [
          11.769191478510763,
          9.234514917266733e-16
        ],
        [
          8.983816161929884,
          7.688829580892528e-16
        ],
        [
          1.2553804243744813,
          7.635956130011991e-16
        ],
        [
          15.61379402815761,
          7.556418384996789e-16
        ],
        [
          9.964582118472446,
          7.50836967089567e-16
        ]
      ],
      "peaks_full": [
        [
          0.7846127652340509,
          0.11164999151152345
        ],
        [
          1.2161497861127788,
          0.02925278299985667
        ],
        [
          1.5692255304681018,
          0.018821087142286107
        ],
        [
          0.35307574435532285,
          0.014309795514550678
        ],
        [
          1.883070636561722,
          0.014267471796435139
        ]
      ]
    }
  },
  "part_b": {
    "50": {
      "N": 50,
      "r": 0.5,
      "mode_idx": 12,
      "omega_m": 0.7795717465853588,
      "n_R": 25,
      "recon_vac": 3.2638562677210704e-15,
      "recon_sq": 2.5005383260032635e-15,
      "eps_vac_range": [
        1.8238525834130046,
        35.23192357547063
      ],
      "eps_sq_range": [
        1.830684980410471,
        35.23192357547063
      ],
      "eps_shift_max": 5.896333973012737,
      "discrepancy": 22.000514689043936,
      "max_delta_C_local": 0.1479865496092386,
      "max_delta_C_full": 0.003558506103157222,
      "spectral_weight_ratio": 14.143877501131014,
      "weight_at_om_local": 25.071584862473134,
      "weight_at_om_full": 1.7726104358913097,
      "peaks_local": [
        [
          0.9807659565425636,
          26.86868409567736
        ],
        [
          4.94306042097452,
          17.85566847316404
        ],
        [
          3.099220422674501,
          14.681032477764067
        ],
        [
          1.451533615682994,
          10.491570869743107
        ],
        [
          5.531519994900059,
          10.132879617400748
        ],
        [
          0.19615319130851272,
          6.842679735149229
        ],
        [
          2.3146076574404497,
          5.314110058880774
        ],
        [
          2.6284527635340704,
          4.86834010857142
        ]
      ],
      "peaks_full": [
        [
          0.7846127652340509,
          1.7726104358913097
        ],
        [
          1.2161497861127788,
          0.46351111107569426
        ],
        [
          1.5692255304681018,
          0.30001383648244384
        ],
        [
          0.35307574435532285,
          0.22995333469685253
        ],
        [
          1.883070636561722,
          0.2272334308913149
        ]
      ],
      "vac_ctrl": 2.220446049250313e-16
    },
    "100": {
      "N": 100,
      "r": 0.5,
      "mode_idx": 25,
      "omega_m": 0.7868671799335047,
      "n_R": 50,
      "recon_vac": 3.291320099888954e-15,
      "recon_sq": 1.3148918581438505e-14,
      "eps_vac_range": [
        1.6176053782302657,
        35.23192357547063
      ],
      "eps_sq_range": [
        1.5726582125069477,
        35.23192357547063
      ],
      "eps_shift_max": 4.797632800321697,
      "discrepancy": 15.876236470463697,
      "max_delta_C_local": 0.09563047289039328,
      "max_delta_C_full": 0.00317832823709141,
      "spectral_weight_ratio": 8.96552229255174,
      "weight_at_om_local": 14.280877612098948,
      "weight_at_om_full": 1.5928662208517435,
      "peaks_local": [
        [
          0.509998297402133,
          20.767228304283673
        ],
        [
          5.178444250544735,
          10.165936973013801
        ],
        [
          1.2946110626361838,
          5.38991566637014
        ],
        [
          4.746907229666008,
          4.900075027513402
        ],
        [
          3.4130655287681213,
          3.9956999668726514
        ],
        [
          2.746144678319178,
          3.4772031135379833
        ],
        [
          4.3546008470489825,
          3.453929419265146
        ],
        [
          5.570750633161761,
          3.054171958166252
        ]
      ],
      "peaks_full": [
        [
          0.8238434034957534,
          1.5928662208517435
        ],
        [
          1.2553804243744813,
          0.41646375868688584
        ],
        [
          1.5692255304681018,
          0.27022106324737666
        ],
        [
          0.35307574435532285,
          0.21382737847994615
        ],
        [
          1.883070636561722,
          0.2042257438371728
        ]
      ],
      "vac_ctrl": 1.2212453270876722e-15
    },
    "200": {
      "N": 200,
      "r": 0.5,
      "mode_idx": 50,
      "omega_m": 0.7761837053444994,
      "n_R": 100,
      "recon_vac": 3.926996193451533e-15,
      "recon_sq": 5.04516127348585e-15,