{
  "n_exp": 2,
  "C_n": 0.01977634577886274,
  "results": {
    "0.0": {
      "var_x_mean": 0.49205212142324506,
      "var_x_std": 0.0011434840518782946,
      "var_x_qm": 0.5000000000000001,
      "raw_err": -0.007947878576755052
    },
    "0.2": {
      "var_x_mean": 0.30637841815942374,
      "var_x_std": 0.0012231665411705287,
      "var_x_qm": 0.36996355769270944,
      "raw_err": -0.0635851395332857
    },
    "0.5": {
      "var_x_mean": 0.23242885009768127,
      "var_x_std": 0.0007659124320772786,
      "var_x_qm": 0.3058136507175887,
      "raw_err": -0.07338480061990743
    },
    "1.0": {
      "var_x_mean": 0.18311357294890176,
      "var_x_std": 0.0005097161781907819,
      "var_x_qm": 0.2571498214428077,
      "raw_err": -0.07403624849390592
    }
  }
}