{
  "n_exp": 0,
  "C_n": 0.019772006784167056,
  "results": {
    "0.0": {
      "var_x_mean": 0.4920468745424379,
      "var_x_std": 0.0011430102746231281,
      "var_x_qm": 0.5000000000000001,
      "raw_err": -0.007953125457562216
    },
    "0.2": {
      "var_x_mean": 0.22728548903653376,
      "var_x_std": 0.0008712235148696276,
      "var_x_qm": 0.36996355769270944,
      "raw_err": -0.1426780686561757
    },
    "0.5": {
      "var_x_mean": 0.15557702133635284,
      "var_x_std": 0.000490855175808619,
      "var_x_qm": 0.3058136507175887,
      "raw_err": -0.15023662938123586
    },
    "1.0": {
      "var_x_mean": 0.11159419250464524,
      "var_x_std": 0.00028467991309837873,
      "var_x_qm": 0.2571498214428077,
      "raw_err": -0.14555562893816243
    }
  }
}