{
  "c4_values": {
    "0.001": 21594619221.353962,
    "0.002": 21611155802.57413,
    "0.005": 21726467643.0214,
    "0.01": 22131992399.144505,
    "0.015": 22786309694.22544,
    "0.02": 23658235174.906612,
    "0.025": 24706340429.77856,
    "0.03": 25881016773.860573,
    "0.04": 28385551323.57196,
    "0.05": 30708055845.91999,
    "0.075": 33170170446.787376,
    "0.1": 28942671940.702328,
    "0.15": 11135333206.530836,
    "0.2": 1616950095.9946966,
    "0.3": 864833.0986667936,
    "0.5": 1.1556626263741675e-11,
    "1.0": 3.474600441635384e-256,
    "2.0": 0.0,
    "3.0": 0.0
  },
  "c4_fine": [
    [
      0.001,
      21594619221.353962
    ],
    [
      0.0030204081632653063,
      21639357312.33731
    ],
    [
      0.0050408163265306125,
      21728710310.91621
    ],
    [
      0.007061224489795919,
      21861978222.757454
    ],
    [
      0.009081632653061226,
      22038117491.360737
    ],
    [
      0.011102040816326531,
      22255749717.21245
    ],
    [
      0.013122448979591837,
      22513173149.248684
    ],
    [
      0.015142857142857145,
      22808376831.545135
    ],
    [
      0.01716326530612245,
      23139057261.57569
    ],
    [
      0.019183673469387756,
      23502637391.572433
    ],
    [
      0.02120408163265306,
      23896287781.773888
    ],
    [
      0.02322448979591837,
      24316949693.93501
    ],
    [
      0.025244897959183676,
      24761359895.625965
    ],
    [
      0.02726530612244898,
      25226076930.76689
    ],
    [
      0.02928571428571429,
      25707508599.69203
    ],
    [
      0.031306122448979595,
      26201940382.928112
    ],
    [
      0.0333265306122449,
      26705564536.88461
    ],
    [
      0.035346938775510206,
      27214509586.820736
    ],
    [
      0.03736734693877551,
      27724869942.764626
    ],
    [
      0.03938775510204082,
      28232735367.460735
    ],
    [
      0.04140816326530612,
      28734220031.816338
    ],
    [
      0.043428571428571434,
      29225490902.571922
    ],
    [
      0.04544897959183674,
      29702795218.86027
    ],
    [
      0.047469387755102045,
      30162486828.73868
    ],
    [
      0.04948979591836735,
      30601051173.440144
    ],
    [
      0.051510204081632656,
      31015128725.729183
    ],
    [
      0.05353061224489796,
      31401536709.080673
    ],
    [
      0.05555102040816327,
      31757288946.123222
    ],
    [
      0.05757142857142858,
      32079613707.588326
    ],
    [
      0.059591836734693884,
      32365969456.562244
    ],
    [
      0.06161224489795919,
      32614058406.827557
    ],
    [
      0.0636326530612245,
      32821837838.187546
    ],
    [
      0.0656530612244898,
      32987529135.580826
    ],
    [
      0.0676734693877551,
      33109624542.220135
    ],
    [
      0.06969387755102041,
      33186891639.651463
    ],
    [
      0.07171428571428572,
      33218375589.272446
    ],
    [
      0.07373469387755102,
      33203399190.242573
    ],
    [
      0.07575510204081633,
      33141560827.660713
    ],
    [
      0.07777551020408163,
      33032730402.206596
    ],
    [
      0.07979591836734694,
      32877043348.002586
    ],
    [
      0.08181632653061224,
      32674892859.143936
    ],
    [
      0.08383673469387756,
      32426920457.09548
    ],
    [
      0.08585714285714287,
      32134005040.91885
    ],
    [
      0.08787755102040817,
      31797250570.066353
    ],
    [
      0.08989795918367348,
      31417972535.275143
    ],
    [
      0.09191836734693878,
      30997683376.963974
    ],
    [
      0.09393877551020409,
      30538077012.54704
    ],
    [
      0.0959591836734694,
      30041012634.32749
    ],
    [
      0.0979795918367347,
      29508497938.229862
    ],
    [
      0.1,
      28942671940.702328
    ]
  ],
  "min_c4": 21594619221.353962,
  "min_u0": 0.001
}