{
  "0.0": 0.5000000000000001,
  "0.2": 0.3699635576927096,
  "0.5": 0.30581365071758676,
  "1.0": 0.2571498214428059
}