{
  "n_exp": 2.5,
  "C_n": 0.01969500219161929,
  "results": {
    "0.0": {
      "var_x_mean": 0.492093727505802,
      "var_x_std": 0.00113884107981221,
      "var_x_qm": 0.5000000000000001,
      "raw_err": -0.007906272494198119
    },
    "0.2": {
      "var_x_mean": 0.33837941942744215,
      "var_x_std": 0.0016144836050034873,
      "var_x_qm": 0.3699635576927096,
      "raw_err": -0.03158413826526746
    },
    "0.5": {
      "var_x_mean": 0.27193075542141903,
      "var_x_std": 0.0010058415390434997,
      "var_x_qm": 0.30581365071758676,
      "raw_err": -0.033882895296167725
    },
    "1.0": {
      "var_x_mean": 0.22185526599965857,
      "var_x_std": 0.0006461588751309046,
      "var_x_qm": 0.2571498214428059,
      "raw_err": -0.03529455544314733
    }
  }
}