{
  "n_exp": 3,
  "C_n": 0.02,
  "normalization_type": "physical",
  "results": {
    "0.0": {
      "var_x_mean": 0.5037396894821802,
      "var_x_std": 0.0011565488630296545,
      "var_x_qm": 0.5000000000000001,
      "raw_err": 0.003739689482180064
    },
    "0.2": {
      "var_x_mean": 0.39860680225365447,
      "var_x_std": 0.001953823985790762,
      "var_x_qm": 0.3699635576927096,
      "raw_err": 0.02864324456094486
    },
    "0.5": {
      "var_x_mean": 0.3466902011851979,
      "var_x_std": 0.0013542728814140898,
      "var_x_qm": 0.30581365071758676,
      "raw_err": 0.04087655046761113
    },
    "1.0": {
      "var_x_mean": 0.2985769630672629,
      "var_x_std": 0.000912544530153283,
      "var_x_qm": 0.2571498214428059,
      "raw_err": 0.04142714162445699
    }
  },
  "delta_e": {
    "0.0": 0.0,
    "0.2": 0.024903555078764794,
    "0.5": 0.037136860985431064,
    "1.0": 0.03768745214227692
  },
  "fit": {
    "alpha": 0.23864741194656786,
    "alpha_err": 0.1259074210697278,
    "C": 0.039466703139166066,
    "C_err": 0.004183429769662366
  }
}