{
  "divergence": {
    "0.55": {
      "sigma": 0.55,
      "num_primes": 46,
      "num_samples": 10000,
      "mean_log_zeta": 0.0034181060202638364,
      "var_log_zeta": 0.8573046910702907,
      "std_log_zeta": 0.9259074959575015,
      "min_log_zeta": -3.0045980357787174,
      "min_log_zeta_t": 83898.12012552281,
      "theoretical_var": 0.7972856560797524,
      "min_in_stds": -3.2487220968962185
    },
    "0.6": {
      "sigma": 0.6,
      "num_primes": 46,
      "num_samples": 10000,
      "mean_log_zeta": 0.00402956892436843,
      "var_log_zeta": 0.7029216339884345,
      "std_log_zeta": 0.8384042187324886,
      "min_log_zeta": -2.519610990991097,
      "min_log_zeta_t": 43359.61461349893,
      "theoretical_var": 0.6635186356981954,
      "min_in_stds": -3.0100523154937617
    },
    "0.7": {
      "sigma": 0.7,
      "num_primes": 46,
      "num_samples": 10000,
      "mean_log_zeta": 0.0049004890334990005,
      "var_log_zeta": 0.5133537190140097,
      "std_log_zeta": 0.7164870682810749,
      "min_log_zeta": -2.0229509030673145,
      "min_log_zeta_t": 43359.51741429589,
      "theoretical_var": 0.47967945566995474,
      "min_in_stds": -2.830269354289722
    },
    "0.8": {
      "sigma": 0.8,
      "num_primes": 46,
      "num_samples": 10000,
      "mean_log_zeta": -0.00757568836979331,
      "var_log_zeta": 0.3811674021919184,
      "std_log_zeta": 0.6173875623884226,
      "min_log_zeta": -1.8331574833335154,
      "min_log_zeta_t": 7563.648195986342,
      "theoretical_var": 0.3625130752460755,
      "min_in_stds": -2.956946181263006
    },
    "1.0": {
      "sigma": 1.0,
      "num_primes": 46,
      "num_samples": 10000,
      "mean_log_zeta": -0.0017679239809970564,
      "var_log_zeta": 0.2366724442924043,
      "std_log_zeta": 0.4864899220871942,
      "min_log_zeta": -1.215955645647337,
      "min_log_zeta_t": 83898.20974424547,
      "theoretical_var": 0.2257498002091339,
      "min_in_stds": -2.4958126911593443
    }
  }
}