{
  "0.6": {
    "MI_linear": 0.8233666648629021,
    "MI_log": 0.9046226193825924,
    "H_zeta": 1.2748202897361542,
    "H_zeta_prime": 2.3692004866747256,
    "H_joint": 2.855834912238728,
    "H_zeta_log": 1.2721624477181623,
    "H_zeta_prime_log": 1.1898196952618156,
    "H_joint_log": 1.564190948438031,
    "fraction_explained": 0.7603022735167729
  },
  "0.7": {
    "MI_linear": 0.9055383716343393,
    "MI_log": 0.9364729267904273,
    "H_zeta": 1.076650587608239,
    "H_zeta_prime": 1.9212938777011643,
    "H_joint": 2.131539611806376,
    "H_zeta_log": 1.072130681411935,
    "H_zeta_prime_log": 1.2413756429594407,
    "H_joint_log": 1.3861426674429733,
    "fraction_explained": 0.7543831974646087
  },
  "0.8": {
    "MI_linear": 0.8072377018364005,
    "MI_log": 0.8377955734763307,
    "H_zeta": 0.9153310152242669,
    "H_zeta_prime": 1.5039663558758767,
    "H_joint": 1.6432835201538156,
    "H_zeta_log": 0.9177934994274962,
    "H_zeta_prime_log": 1.2474321915200928,
    "H_joint_log": 1.3366397781657495,
    "fraction_explained": 0.6716161240439145
  }
}