{
  "clash_inner_profile_proxy": {
    "deltaM_over_Mgas": {
      "mean": 1.5284265844161267,
      "median": 1.4018003833515882,
      "std_dex": 0.16691692174643696
    },
    "deltaM_over_Mgas_relaxed_vs_disturbed": {
      "mann_whitney_u": 33.0,
      "median_disturbed": 1.3481393874365977,
      "median_relaxed": 1.4524749243278534,
      "pvalue": 0.959129759129759
    },
    "eta": {
      "mean": 10.637659684058248,
      "median": 10.96768879769785,
      "std_dex": 0.17791266584104312
    },
    "n_clusters": 16,
    "proxy": "deltaM/Mgas and eta = rho_missing/rho_hot_gas from Famaey et al. 2025",
    "spearman": {
      "deltaM_over_Mgas_vs_disequilibrium": {
        "pvalue": 0.9205950662198001,
        "rho": -0.027116307227332024
      },
      "deltaM_over_Mgas_vs_log10_M200c": {
        "pvalue": 0.753288841707529,
        "rho": -0.08535690316726273
      },
      "deltaM_over_Mgas_vs_redshift": {
        "pvalue": 0.4376585109498007,
        "rho": 0.2088235294117647
      },
      "deltaM_over_Mgas_vs_temperature": {
        "pvalue": 0.7907058367913974,
        "rho": 0.07211186646889438
      },
      "eta_vs_disequilibrium": {
        "pvalue": 1.0,
        "rho": 0.0
      },
      "eta_vs_log10_M200c": {
        "pvalue": 0.015912663826194426,
        "rho": -0.5910097404299062
      },
      "eta_vs_redshift": {
        "pvalue": 0.5415446843842374,
        "rho": 0.16494863249550681
      },
      "eta_vs_temperature": {
        "pvalue": 0.5708844955833506,
        "rho": -0.15327933417633477
      }
    }
  },
  "xcop_missing_mass_ratios": {
    "Mmm_over_Mbar_with_EFE": {
      "mean": 2.302,
      "median": 1.1,
      "std_dex": 0.5038060377846142
    },
    "n_clusters": 5,
    "proxy": "M_missing/M_bar at Rout from Kelleher & Lelli 2024",
    "spearman": {
      "with_EFE_vs_disequilibrium": {
        "pvalue": 0.05766888562243736,
        "rho": 0.8660254037844386
      },
      "with_EFE_vs_redshift": {
        "pvalue": 0.1881204043741873,
        "rho": -0.7
      },
      "with_EFE_vs_temperature": {
        "pvalue": 0.7470600781046621,
        "rho": -0.19999999999999998
      }
    },
    "with_EFE_relaxed_vs_merging": {
      "median_merging": 4.71,
      "median_relaxed": 0.61
    }
  }
}