{
  "no_EFE": {
    "descriptive": {
      "mean": 1.212,
      "median": 0.76,
      "scatter_dex": 0.44316781984770437,
      "std": 1.2772901001730188
    },
    "spearman": {
      "M200_1e14Msun": {
        "p_value": 0.1881204043741873,
        "rho": -0.7
      },
      "dynamical_state_binary": {
        "p_value": 0.05766888562243736,
        "rho": 0.8660254037844386
      },
      "redshift": {
        "p_value": 0.1881204043741873,
        "rho": -0.7
      },
      "temperature_keV": {
        "p_value": 0.7470600781046621,
        "rho": -0.19999999999999998
      }
    }
  },
  "sample": {
    "n_clusters": 5,
    "note": "Deficit proxy is the published MOND missing-to-baryonic mass ratio Mmm/Mbar at Rout. The derived deficit-factor proxy 1 + Mmm/Mbar is included for convenience but is not a direct published g_obs/g_MOND measurement.",
    "source": "Kelleher & Lelli 2024, A&A, Table 1 and Table 2"
  },
  "with_EFE": {
    "descriptive": {
      "mean": 2.302,
      "median": 1.1,
      "scatter_dex": 0.5038060377846142,
      "std": 2.2713145973202393
    },
    "merger_descriptive": {
      "mean": 4.71,
      "median": 4.71,
      "scatter_dex": 0.09462993246757782,
      "std": 1.0182337649086282
    },
    "relaxed_descriptive": {
      "mean": 0.6966666666666667,
      "median": 0.61,
      "scatter_dex": 0.2312647796961961,
      "std": 0.3677408507812715
    },
    "spearman": {
      "M200_1e14Msun": {
        "p_value": 0.1881204043741873,
        "rho": -0.7
      },
      "dynamical_state_binary": {
        "p_value": 0.05766888562243736,
        "rho": 0.8660254037844386
      },
      "redshift": {
        "p_value": 0.1881204043741873,
        "rho": -0.7
      },
      "temperature_keV": {
        "p_value": 0.7470600781046621,
        "rho": -0.19999999999999998
      }
    }
  }
}