{
  "constants": {
    "H0_km_s_mpc": 67.4,
    "H0_inverse_gyr": 14.507302992296575,
    "Omega_m": 0.315,
    "Omega_DE": 0.685,
    "a0_observed": 1.2e-10,
    "z_init": 50.0
  },
  "datasets": [
    {
      "name": "cmb",
      "label": "DESI DR2 + CMB",
      "w0_mean": -0.41917006691052217,
      "wa_mean": -1.7464744072033862,
      "w0_sigma": 0.20528169946464947,
      "wa_sigma": 0.5797414939866479,
      "corr": -0.9778258727827694
    },
    {
      "name": "pantheonplus",
      "label": "DESI DR2 + CMB + Pantheon+",
      "w0_mean": -0.8379581981443314,
      "wa_mean": -0.6176883262728894,
      "w0_sigma": 0.05489212022370454,
      "wa_sigma": 0.20680797400938078,
      "corr": -0.8927674700976242
    },
    {
      "name": "desy5sn",
      "label": "DESI DR2 + CMB + DES Y5 SN",
      "w0_mean": -0.7523480181537261,
      "wa_mean": -0.8612751003570996,
      "w0_sigma": 0.057277479893264656,
      "wa_sigma": 0.22216883741218044,
      "corr": -0.9071818940350316
    },
    {
      "name": "union3",
      "label": "DESI DR2 + CMB + Union3",
      "w0_mean": -0.6656627619095767,
      "wa_mean": -1.0891890176801318,
      "w0_sigma": 0.08868348877694836,
      "wa_sigma": 0.29432128614068337,
      "corr": -0.9335612030027852
    }
  ],
  "best_fits": {
    "A": {
      "cmb": {
        "chi2": 8.392215219994485,
        "inside_95pct_ellipse": false,
        "tau_unconstrained": false,
        "u": 0.2607150895715783,
        "tau_gyr": 3.782272799078627,
        "w0": -1.0136363636363637,
        "wa": -0.09526919393497399,
        "bare_density": 0.6923059478509491,
        "delta": -0.4069640347027792,
        "beta": null,
        "a0_predicted": 2.5134163634427635e-09,
        "a0_factor_needed": 0.04774378083368147,
        "z_cross_w_minus_one": null,
        "z_h_equals_tau_inv": 2.5560358263143135,
        "cpl_rms": 0.004068297230636966,
        "h_ratio_z05": 0.9937504810575247,
        "h_ratio_z10": 0.9916879194567474
      },
      "pantheonplus": {
        "chi2": 8.364536664384435,
        "inside_95pct_ellipse": false,
        "tau_unconstrained": false,
        "u": 300.0,
        "tau_gyr": 4352.190897688973,
        "w0": -0.959090909090909,
        "wa": -0.036076964777373696,
        "bare_density": -24.535454545454606,
        "delta": -1.0311550967156575,
        "beta": null,
        "a0_predicted": 2.1842852410855023e-12,
        "a0_factor_needed": 54.9378797891638,
        "z_cross_w_minus_one": null,
        "z_h_equals_tau_inv": null,
        "cpl_rms": 0.0008119900165964138,
        "h_ratio_z05": 1.0085569931537737,
        "h_ratio_z10": 1.0071231904342683
      },
      "desy5sn": {
        "chi2": 12.863830276605253,
        "inside_95pct_ellipse": false,
        "tau_unconstrained": false,
        "u": 300.0,
        "tau_gyr": 4352.190897688973,
        "w0": -0.9227272727272727,
        "wa": -0.07443606107328363,
        "bare_density": -46.95363636363636,
        "delta": -1.017769474764386,
        "beta": null,
        "a0_predicted": 2.1842852410855023e-12,
        "a0_factor_needed": 54.9378797891638,
        "z_cross_w_minus_one": null,
        "z_h_equals_tau_inv": null,
        "cpl_rms": 0.0011232674196123898,
        "h_ratio_z05": 1.0160272380357038,
        "h_ratio_z10": 1.0133394038755437
      },
      "union3": {
        "chi2": 12.603771068673563,
        "inside_95pct_ellipse": false,
        "tau_unconstrained": false,
        "u": 300.0,
        "tau_gyr": 4352.190897688973,
        "w0": -0.9409090909090909,
        "wa": -0.054572191214832616,
        "bare_density": -35.744545454545445,
        "delta": -1.0223655718584428,
        "beta": null,
        "a0_predicted": 2.1842852410855023e-12,
        "a0_factor_needed": 54.9378797891638,
        "z_cross_w_minus_one": null,
        "z_h_equals_tau_inv": null,
        "cpl_rms": 0.001016744660320821,
        "h_ratio_z05": 1.0123077461224528,
        "h_ratio_z10": 1.0102445581490225
      }
    },
    "B": {
      "cmb": {
        "chi2": 9.383474841082919,
        "inside_95pct_ellipse": false,
        "tau_unconstrained": true,
        "u": 0.15,
        "tau_gyr": 2.176095448844486,
        "w0": -1.0,
        "wa": 0.0,
        "bare_density": 0.685,
        "delta": null,
        "beta": 0.0,
        "a0_predicted": 4.368570482171005e-09,
        "a0_factor_needed": 0.0274689398945819,
        "z_cross_w_minus_one": null,
        "z_h_equals_tau_inv": 4.179091896749156,
        "cpl_rms": 0.0,
        "h_ratio_z05": 1.0,
        "h_ratio_z10": 1.0
      },
      "pantheonplus": {
        "chi2": 9.32243659218387,
        "inside_95pct_ellipse": false,
        "tau_unconstrained": true,
        "u": 0.15,
        "tau_gyr": 2.176095448844486,
        "w0": -1.0,
        "wa": 0.0,
        "bare_density": 0.685,
        "delta": null,
        "beta": 0.0,
        "a0_predicted": 4.368570482171005e-09,
        "a0_factor_needed": 0.0274689398945819,
        "z_cross_w_minus_one": null,
        "z_h_equals_tau_inv": 4.179091896749156,
        "cpl_rms": 0.0,
        "h_ratio_z05": 1.0,
        "h_ratio_z10": 1.0
      },
      "desy5sn": {
        "chi2": 18.706400028072878,
        "inside_95pct_ellipse": false,
        "tau_unconstrained": true,
        "u": 0.15,
        "tau_gyr": 2.176095448844486,
        "w0": -1.0,
        "wa": 0.0,
        "bare_density": 0.685,
        "delta": null,
        "beta": 0.0,
        "a0_predicted": 4.368570482171005e-09,
        "a0_factor_needed": 0.0274689398945819,
        "z_cross_w_minus_one": null,
        "z_h_equals_tau_inv": 4.179091896749156,
        "cpl_rms": 0.0,
        "h_ratio_z05": 1.0,
        "h_ratio_z10": 1.0
      },
      "union3": {
        "chi2": 14.468384797755359,
        "inside_95pct_ellipse": false,
        "tau_unconstrained": true,
        "u": 0.15,
        "tau_gyr": 2.176095448844486,
        "w0": -1.0,
        "wa": 0.0,
        "bare_density": 0.685,
        "delta": null,
        "beta": 0.0,
        "a0_predicted": 4.368570482171005e-09,
        "a0_factor_needed": 0.0274689398945819,
        "z_cross_w_minus_one": null,
        "z_h_equals_tau_inv": 4.179091896749156,
        "cpl_rms": 0.0,
        "h_ratio_z05": 1.0,
        "h_ratio_z10": 1.0
      }
    }
  },
  "mond_tau": {
    "tau_seconds": 2.5e+18,
    "tau_gyr": 79.22021953507237,
    "u": 5.460713102713756,
    "h_equals_tau_inv_over_h0": 0.18312626596387935
  },
  "counts": {
    "model_a_points": 2707,
    "model_b_points": 138,
    "model_a_crossings": 0,
    "model_b_crossings": 0
  }
}