{
  "N": 2000,
  "actual_zeros_first20": [
    14.134725141734695,
    21.022039638771556,
    25.01085758014569,
    30.424876125859512,
    32.93506158773919,
    37.586178158825675,
    40.9187190121475,
    43.327073280915,
    48.00515088116716,
    49.7738324776723,
    52.970321477714464,
    56.44624769706339,
    59.34704400260235,
    60.83177852460981,
    65.1125440480816,
    67.07981052949417,
    69.54640171117398,
    72.0671576744819,
    75.70469069908393,
    77.1448400688748
  ],
  "smooth_zeros_first20": [
    14.521346953065626,
    20.655740355699557,
    25.492675432264306,
    29.739411632309547,
    33.624531888500485,
    37.257370086972976,
    40.700551603706856,
    43.99401395349808,
    47.16512842717109,
    50.23365339136271,
    53.21442287392215,
    56.11892194827807,
    58.95626600786655,
    61.73383884322543,
    64.45772470824876,
    67.13301041835456,
    69.76400238568583,
    72.35438621504893,
    74.90734645640305,
    77.42565806483277
  ],
  "deltas_first20": [
    -0.3866218113309312,
    0.3662992830719993,
    -0.48181785211861694,
    0.685464493549965,
    -0.6894703007612932,
    0.32880807185269845,
    0.21816740844064242,
    -0.6669406725830811,
    0.8400224539960703,
    -0.45982091369040745,
    -0.24410139620768945,
    0.32732574878532006,
    0.39077799473579944,
    -0.902060318615618,
    0.6548193398328408,
    -0.05319988886039084,
    -0.21760067451184284,
    -0.2872285405670283,
    0.7973442426808788,
    -0.28081799595797463
  ],
  "spacings_actual_stats": {
    "mean": 0.9999652815139991,
    "std": 0.38452100624633084,
    "min": 0.08925291427203774,
    "max": 2.458650095896928
  },
  "mse_wigner": 0.0047523048079222575,
  "mse_poisson": 0.1173045166949221,
  "mse_wigner_smooth": 2.4827722275267865,
  "mse_poisson_smooth": 2.7075472254199453,
  "convergence": {
    "P_max": [
      10,
      20,
      50,
      100,
      200,
      500,
      1000,
      2000,
      5000,
      10000
    ],
    "mean_residual": [
      0.5000119948471776,
      0.4999298309179384,
      0.499732551667504,
      0.4996964062579852,
      0.4996679839978231,
      0.4996393516407701,
      0.4997740376510607,
      0.4998974239598418,
      0.5002001824890312,
      0.4997553231389011
    ]
  },
  "power_law_alpha": 9.803005851400201e-06
}