{
  "cabibbo_vs_sqrt_md_ms_error_pct": 0.9053572477802252,
  "cabibbo_vs_sqrt_md_ms_ratio": 1.0090535724778023,
  "koide_down": 0.731427651432937,
  "koide_leptons": 0.6666608359108475,
  "koide_leptons_error_pct": 0.0008746133728754213,
  "koide_up": 0.8489367114385876,
  "mb_over_mtau": 2.3524644597773596,
  "weinberg_over_3_over_13": 1.0019533333333333,
  "weinberg_vs_3_over_13_error_pct": 0.19533333333332514
}