{
  "trial_count": 4081,
  "threshold_counts": {
    "lt_1pct": 1897,
    "lt_0p1pct": 234,
    "lt_0p01pct": 28
  },
  "family_min_errors": {
    "koide_raw_all": 3.3048782500655337e-06,
    "koide_mass_only": 3.3048782500655337e-06,
    "mass_ratios": 0.00013696359134617205,
    "angle_ratios_deg": 0.0022648083158741976,
    "coupling_ratios": 0.006382666666666618,
    "delta_m2_ratios": 0.00969696969696949,
    "sum_rules": 2.6283617046470515e-05,
    "mixing_sin2_koide": 0.0019292705799291551
  },
  "global_min_error": 3.3048782500655337e-06
}