{
  "task_a": {
    "0.0": {
      "eps": 0.0,
      "N": 64,
      "Re": 500,
      "T_final": 2.0,
      "nf_t0": 1.0,
      "nf_tf": 0.9960079893439913,
      "E_final": 0.24800797870926503,
      "B_full_t0": 3.1060257933574252e-15,
      "B_full_tf": 2.2997352204366036e-15,
      "Bk_t0": [
        0.0,
        0.27922684376516765,
        0.1367750053041233,
        0.06902117538790115,
        0.033342188969609755,
        0.014764220984955561,
        0.005659222071886532,
        0.0022167807131927503,
        0.0008825045556837319
      ],
      "Bk_tf": [
        0.0,
        0.27922684376516765,
        0.13677500530412326,
        0.06902117538790119,
        0.03334218896960982,
        0.014764220984955598,
        0.00565922207188652,
        0.002216780713192766,
        0.0008825045556837594
      ],
      "Rfrac_t0": [
        0.0,
        0.46613211222330375,
        0.14591087770610361,
        0.07750871563856906,
        0.03668661581553412,
        0.013849041481947216,
        0.004243309303046187,
        0.0012649049903695239,
        0.0003783657952850962
      ],
      "Rfrac_tf": [
        0.0,
        0.46613211222330364,
        0.14591087770610356,
        0.07750871563856913,
        0.03668661581553419,
        0.013849041481947296,
        0.004243309303046238,
        0.0012649049903695638,
        0.00037836579528511573
      ],
      "divub_tf": [
        0.0,
        2.3415850944669208,
        1.6736879453251077,
        0.9475084588129229,
        0.4793303418076409,
        0.21781901814369314,
        0.08581473048321252,
        0.03342014638665132,
        0.013340206301816251
      ],
      "lambda_opts_tf": [
        0.0,
        -0.9999970329808884,
        -0.9999987387422622,
        -0.9999995126306731,
        -0.9999998319970914,
        -0.999999940647249,
        -0.9999999867899073,
        -0.9999999968851815,
        -0.9999999993881998
      ],
      "beta_eff": 1.009399943968973,
      "beta_stderr": 0.011782965576824178,
      "fit_r2": 0.9988795777252075,
      "gamma_avg": -1.2345463924736213,
      "U_k_values": [
        182.7160461021371,
        149.51150141358667,
        96.31802023397654,
        55.25574509749029,
        28.492500232304526,
        12.488963750738872,
        3.7504175428748714,
        0.9457058582612928,
        0.1943984184404879
      ]
    },
    "0.01": {
      "eps": 0.01,
      "N": 64,
      "Re": 500,
      "T_final": 2.0,
      "nf_t0": 0.9999999999999999,
      "nf_tf": 0.9889446756605483,
      "E_final": 0.24231169205518405,
      "B_full_t0": 0.12131366498351111,
      "B_full_tf": 0.06302579454985045,
      "Bk_t0": [
        0.0,
        0.30173110106982975,
        0.17628825627682387,
        0.1332776995941802,
        0.1221006069240534,
        0.12082708926740449,
        0.12122397227040237,
        0.12130475571666428,
        0.12131276743650496
      ],
      "Bk_tf": [
        0.0,
        0.28561430055977527,
        0.14899367316967568,
        0.09137279399613535,
        0.06961808702029115,
        0.06391664716517323,
        0.06304952361227886,
        0.06301646559274869,
        0.06302393254499268
      ],
      "Rfrac_t0": [
        0.0,
        0.45639682891307426,
        0.14206527011689643,
        0.07421444820569467,
        0.0345188675818882,
        0.020832014588532115,
        0.020242266061435307,
        0.02031267848498918,
        0.020319665044387987
      ],
      "Rfrac_tf": [
        0.0,
        0.4625277570776431,
        0.14542620026495548,
        0.07754027784939778,
        0.0370543437395899,
        0.01791635236676243,
        0.014249306044496469,
        0.01406580806664137,
        0.014070898975810988
      ],
      "divub_tf": [
        0.0,
        2.3326126390561446,
        1.6524956323589932,
        0.9209446691349162,
        0.44830487043356043,
        0.18393375661961966,
        0.05899809977478115,
        0.015929034962765747,
        0.003710778635738069
      ],
      "lambda_opts_tf": [
        0.0,
        -0.9998810386223663,
        -0.999904650541087,
        -0.9999279343361589,
        -0.9999445902074551,
        -0.9999524984330619,
        -0.9999549167761368,
        -0.9999550181055116,
        -0.9999550131138156
      ],
      "beta_eff": 1.0664591248632138,
      "beta_stderr": 0.06623028532746959,
      "fit_r2": 0.9831882756880379,
      "gamma_avg": -2.220131574334104,
      "U_k_values": [
        179.0574305606456,
        145.99658386198735,
        92.19759128010611,
        50.45011488187787,
        22.815588683868373,
        6.102280729428856,
        0.3603563365448963,
        0.010749573544001408,
        0.0008060885691022251
      ]
    },
    "0.05": {
      "eps": 0.05,
      "N": 64,
      "Re": 500,
      "T_final": 2.0,
      "nf_t0": 0.9999999999999998,
      "nf_tf": 0.9647679456596006,
      "E_final": 0.21920429525834845,
      "B_full_t0": 0.630924849236214,
      "B_full_tf": 0.3243964988674558,
      "Bk_t0": [
        0.0,
        0.6871426474920816,
        0.616298740172976,
        0.6169752662593462,
        0.6287770364300956,
        0.6308034912519832,
        0.6309146208180609,
        0.6309222982396258,
        0.6309241535922595
      ],
      "Bk_tf": [
        0.0,
        0.44207895717835277,
        0.34598320684151884,
        0.3242184936394936,
        0.32265867073007476,
        0.324073124331309,
        0.3243637319226927,
        0.3243924486722611,
        0.32439568703705174
      ],
      "Rfrac_t0": [
        0.0,
        0.43573537602997725,
        0.15883064828213728,
        0.10823808599637211,
        0.10468476786280628,
        0.10578904961415402,
        0.10586503918710118,
        0.10587057770609937,
        0.10587201131725305
      ],
      "Rfrac_tf": [
        0.0,
        0.45193536883566615,
        0.15658164795908178,
        0.09652948505139129,
        0.07351795353239679,
        0.07289257510696688,
        0.07323645096652986,
        0.07326430662078377,
        0.07326657257726751
      ],
      "divub_tf": [
        0.0,
        2.304234708557774,
        1.5647500606740135,
        0.7930491459640368,
        0.29779297434073043,
        0.07322339134492867,
        0.017502578625075222,
        0.005251890457406079,
        0.0013941838878962966
      ],
      "lambda_opts_tf": [
        0.0,
        -0.9985487146080935,
        -0.9986390005451438,
        -0.9987268777948421,
        -0.9987693792041801,
        -0.9987762798466441,
        -0.9987750608259043,
        -0.998774877922384,
        -0.9987748518889111
      ],
      "beta_eff": 0.8881407767256402,
      "beta_stderr": 0.08424267354886456,
      "fit_r2": 0.9751811384118373,
      "gamma_avg": -2.6535600438057676,
      "U_k_values": [
        174.7370312044305,
        150.31551078310795,
        86.09754205863089,
        33.40987345621155,
        2.4530754430238044,
        0.06208287774836277,
        0.004019591862974011,
        0.0006224298280658253,
        7.111735646270473e-05
      ]
    },
    "0.1": {
      "eps": 0.1,
      "N": 64,
      "Re": 500,
      "T_final": 2.0,
      "nf_t0": 1.0,
      "nf_tf": 0.9451509305576761,
      "E_final": 0.19279992918190836,
      "B_full_t0": 1.3246478320046242,
      "B_full_tf": 0.6751122071502694,
      "Bk_t0": [
        0.0,
        1.3430663623353423,
        1.278425572414373,
        1.3134857579961212,
        1.3239372587437366,
        1.3245853566660126,
        1.3246355238952616,
        1.3246442992717902,
        1.3246467197956207
      ],
      "Bk_tf": [
        0.0,
        0.7631003599626707,
        0.6747576302532836,
        0.6679426663380208,
        0.6740809997839882,
        0.6750393618811666,
        0.6751041987087903,
        0.6751102958862281,
        0.6751115314653717
      ],