{
  "Lab-scale (1m sphere, 1 kg)": {
    "S_bek_bits": 1.288454104996303e+43,
    "S_holo_bits": 4.337551632485962e+69,
    "S_eff_bits": 1.288454104996303e+43,
    "tighter_bound": "Bekenstein",
    "log10_S_eff": 43.11006895350249
  },
  "Human brain": {
    "S_bek_bits": 2.886137195191719e+42,
    "S_holo_bits": 1.110413217916406e+68,
    "S_eff_bits": 2.886137195191719e+42,
    "tighter_bound": "Bekenstein",
    "log10_S_eff": 42.460316971836654
  },
  "Solar-mass black hole": {
    "S_bek_bits": 1.5140070325874087e+77,
    "S_holo_bits": 1.5140070783446212e+77,
    "S_eff_bits": 1.5140070325874087e+77,
    "tighter_bound": "Bekenstein",
    "log10_S_eff": 77.1801278924737
  },
  "Observable universe": {
    "S_bek_bits": 1.1338396123967467e+123,
    "S_holo_bits": 3.3589999841971294e+123,
    "S_eff_bits": 1.1338396123967467e+123,
    "tighter_bound": "Bekenstein",
    "log10_S_eff": 123.05455162565266
  },
  "Planck-scale region": {
    "S_bek_bits": 9.06471919198028,
    "S_holo_bits": 4.532360141827194,
    "S_eff_bits": 4.532360141827194,
    "tighter_bound": "Holographic",
    "log10_S_eff": 0.6563244116489955
  },
  "Quantum computer (1000 qubits)": {
    "S_bek_bits": 2.576908209992606e+19,
    "S_holo_bits": 1.7350206529943845e+66,
    "S_eff_bits": 2.576908209992606e+19,
    "tighter_bound": "Bekenstein",
    "log10_S_eff": 19.411098949166476
  }
}