{
  "t_arr": [
    0.0,
    0.03173325912716963,
    0.06346651825433926,
    0.0951997773815089,
    0.12693303650867852,
    0.15866629563584814,
    0.1903995547630178,
    0.2221328138901874,
    0.25386607301735703,
    0.28559933214452665,
    0.3173325912716963,
    0.3490658503988659,
    0.3807991095260356,
    0.4125323686532052,
    0.4442656277803748,
    0.47599888690754444,
    0.5077321460347141,
    0.5394654051618837,
    0.5711986642890533,
    0.6029319234162229,
    0.6346651825433925,
    0.6663984416705622,
    0.6981317007977318,
    0.7298649599249014,
    0.7615982190520711,
    0.7933314781792408,
    0.8250647373064104,
    0.85679799643358,
    0.8885312555607496,
    0.9202645146879193,
    0.9519977738150889,
    0.9837310329422585,
    1.0154642920694281,
    1.0471975511965979,
    1.0789308103237674,
    1.110664069450937,
    1.1423973285781066,
    1.1741305877052763,
    1.2058638468324459,
    1.2375971059596156,
    1.269330365086785,
    1.3010636242139548,
    1.3327968833411243,
    1.364530142468294,
    1.3962634015954636,
    1.4279966607226333,
    1.4597299198498028,
    1.4914631789769726,
    1.5231964381041423,
    1.5549296972313118,
    1.5866629563584815,
    1.618396215485651,
    1.6501294746128208,
    1.6818627337399903,
    1.71359599286716,
    1.7453292519943295,
    1.7770625111214993,
    1.8087957702486688,
    1.8405290293758385,
    1.872262288503008,
    1.9039955476301778,
    1.9357288067573473,
    1.967462065884517,
    1.9991953250116865,
    2.0309285841388562,
    2.0626618432660258,
    2.0943951023931957,
    2.126128361520365,
    2.1578616206475347,
    2.1895948797747042,
    2.221328138901874,
    2.2530613980290437,
    2.284794657156213,
    2.3165279162833827,
    2.3482611754105527,
    2.379994434537722,
    2.4117276936648917,
    2.443460952792061,
    2.475194211919231,
    2.5069274710464007,
    2.53866073017357,
    2.57039398930074,
    2.6021272484279097,
    2.633860507555079,
    2.6655937666822487,
    2.6973270258094186,
    2.729060284936588,
    2.7607935440637577,
    2.792526803190927,
    2.824260062318097,
    2.8559933214452666,
    2.887726580572436,
    2.9194598396996057,
    2.9511930988267756,
    2.982926357953945,
    3.0146596170811146,
    3.0463928762082846,
    3.078126135335454,
    3.1098593944626236,
    3.141592653589793
  ],
  "C_TTH": [
    0.706039839907549,
    0.7047860629978704,
    0.701029185152228,
    0.6947825492060525,
    0.6860683405587203,
    0.6749175083804364,
    0.6613696556939161,
    0.6454728987212587,
    0.6272836959955514,
    0.6068666478441238,
    0.584294266955607,
    0.5596467208456416,
    0.5330115471358924,
    0.5044833426575718,
    0.4741634274836499,
    0.4421594850829613,
    0.40858517987423354,
    0.3735597535383175,
    0.3372076015223524,
    0.29965783123993855,
    0.2610438035364075,
    0.22150265904770616,
    0.18117483113506994,
    0.1402035471253336,
    0.09873431962826135,
    0.05691442973752324,
    0.014892403950766145,
    -0.027182513333460962,
    -0.06916088986846058,
    -0.11089363627929834,
    -0.15223253556497807,
    -0.19303076950231646,
    -0.23314344008195192,
    -0.2724280841245693,
    -0.31074517924964074,
    -0.3479586393996994,
    -0.38393629816025115,
    -0.41855037815877766,
    -0.4516779448757261,
    -0.4832013432557427,
    -0.5130086155684843,
    -0.5409938990349592,
    -0.5670578018071772,
    -0.5911077559658103,
    -0.6130583462821451,
    -0.6328316135767222,
    -0.6503573315972497,
    -0.665573256432442,
    -0.678425347575972,
    -0.6888679598554117,
    -0.6968640055445094,
    -0.7023850860830503,
    -0.7054115929364891,
    -0.7059327772371402,
    -0.703946787959595,
    -0.6994606784947756,
    -0.6924903815992873,
    -0.6830606528090284,
    -0.6712049825180343,
    -0.6569654770348152,
    -0.6403927090386189,
    -0.6215455379667431,
    -0.6004909009707949,
    -0.5773035751843452,
    -0.5520659121462868,
    -0.5248675453231267,
    -0.49580507176895805,
    -0.46498170905372815,
    -0.4325069286782401,
    -0.3984960672778522,
    -0.3630699169957027,
    -0.326354296480294,
    -0.2884796040310551,
    -0.24958035447893417,
    -0.20979470144681653,
    -0.16926394668649852,
    -0.12813203823484104,
    -0.08654505917144595,
    -0.04465070879356432,
    -0.0025977780508880353,
    0.03946437889674841,
    0.08138637512194798,
    0.12301932148870355,
    0.1642153554434141,
    0.20482816615991034,
    0.2447135141734056,
    0.28372974365784576,
    0.3217382855272819,
    0.3586041495744395,
    0.39419640389863825,
    0.4283886399203248,
    0.4610594213306937,
    0.49209271538190746,
    0.5213783049861666,
    0.5488121801600196,
    0.5742969074236778,
    0.5977419758433768,
    0.6190641184877927,
    0.6381876081568405,
    0.6550445263325434
  ],
  "C_QM": [
    0.706039839907549,
    0.7056843787723728,
    0.7046183532860761,
    0.7028428368459607,
    0.7003596172465776,
    0.6971711948795695,
    0.6932807802159897,
    0.6886922905736274,
    0.6834103461726034,
    0.6774402654831978,
    0.6707880598706031,
    0.663460427541988,
    0.6554647468019701,
    0.64680906862329,
    0.6375021085401634,
    0.6275532378724766,
    0.6169724742896624,
    0.6057704717237555,
    0.5939585096417871,
    0.5815484816883163,
    0.5685528837095394,
    0.5549848011710311,
    0.5408578959817908,
    0.5261863927378575,
    0.5109850643993475,
    0.4952692174153369,
    0.4790546763115629,
    0.4623577677564691,
    0.4451953041216343,
    0.42758456655313903,
    0.4095432875709164,
    0.3910896332136078,
    0.3722421847469018,
    0.35301991995377446,
    0.33344219402547104,
    0.3135287200724683,
    0.29329954927504426,
    0.2727750506934384,
    0.2519758907579353,
    0.2309230124595204,
    0.20963761426206456,
    0.18814112875726632,
    0.1664552010838502,
    0.14460166713274572,
    0.1226025315601972,
    0.10047994563093894,
    0.0782561849137508,
    0.05595362685184706,
    0.03359472823068938,
    0.011202002565906767,
    -0.011202002565906817,
    -0.033594728230689465,
    -0.055953626851847155,
    -0.0782561849137507,
    -0.10047994563093904,
    -0.1226025315601971,
    -0.14460166713274578,
    -0.16645520108385012,
    -0.18814112875726638,
    -0.2096376142620645,
    -0.23092301245952054,
    -0.25197589075793525,
    -0.27277505069343844,
    -0.2932995492750442,
    -0.3135287200724684,
    -0.33344219402547093,
    -0.3530199199537746,
    -0.3722421847469018,
    -0.3910896332136078,
    -0.40954328757091624,
    -0.42758456655313914,
    -0.4451953041216343,
    -0.4623577677564689,
    -0.47905467631156284,
    -0.4952692174153372,
    -0.5109850643993477,
    -0.5261863927378574,
    -0.5408578959817907,
    -0.5549848011710312,
    -0.5685528837095394,
    -0.5815484816883162,
    -0.5939585096417873,
    -0.6057704717237555,
    -0.6169724742896624,
    -0.6275532378724766,
    -0.6375021085401635,
    -0.64680906862329,
    -0.6554647468019701,
    -0.6634604275419879,
    -0.6707880598706032,
    -0.6774402654831978,
    -0.6834103461726033,
    -0.6886922905736274,
    -0.6932807802159897,
    -0.6971711948795696,
    -0.7003596172465776,
    -0.7028428368459607,
    -0.7046183532860761,
    -0.7056843787723728,
    -0.706039839907549
  ],