{
  "distribution_stats": {
    "0.6": {
      "mean": -0.0029779129805579227,
      "variance": 0.772892559647331,
      "V_predicted": 0.8281418389911699,
      "ratio": 0.9332852456637829,
      "std": 0.8791430825794689,
      "min": -2.600645011643069,
      "max": 2.141460251258902,
      "n_2sigma": 70,
      "n_3sigma": 0,
      "n_4sigma": 0
    },
    "0.7": {
      "mean": -0.0023530901273116633,
      "variance": 0.5262300317642019,
      "V_predicted": 0.5634904083266384,
      "ratio": 0.9338757572234703,
      "std": 0.7254171432797835,
      "min": -1.9973623411353385,
      "max": 1.9052441622818932,
      "n_2sigma": 78,
      "n_3sigma": 0,
      "n_4sigma": 0
    },
    "0.8": {
      "mean": -0.0016447165832598485,
      "variance": 0.3883657876197974,
      "V_predicted": 0.4129863265861221,
      "ratio": 0.9403841304629962,
      "std": 0.6231900092426045,
      "min": -1.6319816797944076,
      "max": 1.6940696520926917,
      "n_2sigma": 84,
      "n_3sigma": 0,
      "n_4sigma": 0
    },
    "0.9": {
      "mean": -0.0011786289518079436,
      "variance": 0.2993159090084015,
      "V_predicted": 0.3161816839611643,
      "ratio": 0.9466579634168993,
      "std": 0.5470977143147296,
      "min": -1.3599689949679046,
      "max": 1.506443237829481,
      "n_2sigma": 85,
      "n_3sigma": 0,
      "n_4sigma": 0
    }
  },
  "zeros_computed": 50,
  "all_on_critical_line": true
}