{
  "children_usd": 0.0,
  "currency": "USD",
  "direct_usd": 0.040114260000000006,
  "total_usd": 0.040114260000000006
}
