{
  "beta_mean": 1.1823684088034503,
  "beta_std": 0.21895535169205324,
  "beta_per_realization": [
    1.3915111118796362,
    0.7960576394795184,
    1.3193556291606048,
    1.3189873705233106,
    1.0859302929741812
  ],
  "chi2_gue_spacing": 7.976343793342728,
  "chi2_goe_spacing": 9.077158617968186,
  "ks_gue": 0.04239444944504395,
  "pair_correlation_mrd": 0.07908083627877742,
  "R2_computed_sample": {
    "0.50": 0.512,
    "1.00": 1.104,
    "1.50": 0.968,
    "2.00": 0.8400000000000001,
    "3.00": 1.128
  },
  "R2_montgomery_sample": {
    "0.50": 0.5947152654306489,
    "1.00": 1.0,
    "1.50": 0.9549683628256277,
    "2.00": 1.0,
    "3.00": 1.0
  },
  "delta3_results": {
    "5": 0.15101632250744218,
    "10": 0.1963286439726963,
    "15": 0.22063231375413092,
    "20": 0.24338008098425062,
    "25": 0.260853162659551,
    "30": 0.27404673471606084,
    "40": 0.2945528306626751,
    "50": 0.3125271525811094
  },
  "delta3_gue_predictions": {
    "5": 0.3840913920712833,
    "10": 0.45432188484396624,
    "15": 0.49540408952315385,
    "20": 0.5245523776166491,
    "25": 0.5471615463579594,
    "30": 0.5656345822958367,
    "40": 0.594782870389332,
    "50": 0.6173920391306423
  },
  "delta3_saturation": 0.2854949701548491,
  "number_variance": {
    "0.5": 0.28495,
    "1.0": 0.39181499999999997,
    "1.5": 0.43328999999999995,
    "2.0": 0.470415,
    "3.0": 0.54215,
    "4.0": 0.56416,
    "5.0": 0.603105
  },
  "scorecard_summary": {
    "pass": 4,
    "partial": 2,
    "fail": 0,
    "not_computed": 3
  },
  "scorecard_details": {
    "constraint_1_level_repulsion": "PARTIAL",
    "constraint_2_pair_correlation": "PASS (MRD < 10%)",
    "constraint_3_spacing_distribution": "PASS",
    "constraint_4_spectral_form_factor": "PASS (from S002-E001)",
    "constraint_5_gue_parameter_fit": "PASS (\u03b2 close to 2)",
    "constraint_6_number_variance": "PARTIAL (values computed)",
    "constraint_7_delta3": "INFO: saturation = 0.2855",
    "constraint_8_form_factor_plateau": "NOT COMPUTED",
    "constraint_9_correlations": "NOT COMPUTED",
    "constraint_10_universality": "N/A"
  }
}