{
  "n_exp": 1,
  "C_n": 0.019830546332209015,
  "results": {
    "0.0": {
      "var_x_mean": 0.4920229940734633,
      "var_x_std": 0.0011465125228071517,
      "var_x_qm": 0.5000000000000001,
      "raw_err": -0.007977005926536829
    },
    "0.2": {
      "var_x_mean": 0.2597352872488417,
      "var_x_std": 0.0010502773604485897,
      "var_x_qm": 0.36996355769270944,
      "raw_err": -0.11022827044386774
    },
    "0.5": {
      "var_x_mean": 0.1845691854623676,
      "var_x_std": 0.0005833765270012514,
      "var_x_qm": 0.3058136507175887,
      "raw_err": -0.12124446525522109
    },
    "1.0": {
      "var_x_mean": 0.13660599028037904,
      "var_x_std": 0.0003798990426961595,
      "var_x_qm": 0.2571498214428077,
      "raw_err": -0.12054383116242864
    }
  }
}