{
  "Variant A: Normalized vM": {
    "chi2_poisson": 0.03372332517728197,
    "chi2_goe": 1.061049966256962,
    "chi2_gue": 0.5732151363223997,
    "best_match": "Poisson",
    "beta_fit": -0.33780413274280785,
    "N_bulk": 491,
    "spacing_std": 0.9203224470384083
  },
  "Variant B: M\u00f6bius": {
    "chi2_poisson": 0.033647970015632654,
    "chi2_goe": 0.8996228231603446,
    "chi2_gue": 0.6857001185313166,
    "best_match": "Poisson",
    "beta_fit": -0.3637711831671462,
    "N_bulk": 494,
    "spacing_std": 0.9217778840626538
  },
  "Variant C: Hankel": {
    "chi2_poisson": 0.05583345606953671,
    "chi2_goe": 0.06512042082331833,
    "chi2_gue": 0.3269691437623808,
    "best_match": "Poisson",
    "beta_fit": 0.4348779030770239,
    "N_bulk": 494,
    "spacing_std": 0.7207040338687692
  }
}