{
  "children_usd": 0.0,
  "currency": "USD",
  "direct_usd": 0.008707099999999999,
  "total_usd": 0.008707099999999999
}
