{
  "children_usd": 0.0,
  "currency": "USD",
  "direct_usd": 0.0013900000000000002,
  "total_usd": 0.0013900000000000002
}
