{
  "(0.001,0.01)": {
    "t_values": [
      0.0,
      0.0001,
      0.0005,
      0.001,
      0.005,
      0.01,
      0.05,
      0.1,
      0.2,
      0.5,
      1.0,
      2.0,
      5.0
    ],
    "D5": [
      -3.7526264042859923e-22,
      -3.7525506444589193e-22,
      -3.7522476026295126e-22,
      -3.751868794675275e-22,
      -3.748838105326893e-22,
      -3.745049184123654e-22,
      -3.714716413030098e-22,
      -3.6767516478211375e-22,
      -3.600690222707653e-22,
      -3.372007301860734e-22,
      -2.9925888460701954e-22,
      -2.2610861907653364e-22,
      -5.2551503187282774e-23
    ]
  },
  "(0.001,0.05)": {
    "t_values": [
      0.0,
      0.0001,
      0.0005,
      0.001,
      0.005,
      0.01,
      0.05,
      0.1,
      0.2,
      0.5,
      1.0,
      2.0,
      5.0
    ],
    "D5": [
      -2.4672971083507707e-09,
      -2.4674435623882487e-09,
      -2.4680293002288345e-09,
      -2.468761296348972e-09,
      -2.4746102211018523e-09,
      -2.481903781132683e-09,
      -2.539551433186256e-09,
      -2.6098734492515935e-09,
      -2.744821687248141e-09,
      -3.105883169553805e-09,
      -3.5731327359470593e-09,
      -4.082184184842172e-09,
      -3.4804215990447792e-09
    ]
  },
  "(0.01,0.01)": {
    "t_values": [
      0.0,
      0.0001,
      0.0005,
      0.001,
      0.005,
      0.01,
      0.05,
      0.1,
      0.2,
      0.5,
      1.0,
      2.0,
      5.0
    ],
    "D5": [
      -3.3293675787525457e-22,
      -3.329301468251435e-22,
      -3.3290370219808724e-22,
      -3.328706454549079e-22,
      -3.326061532365461e-22,
      -3.3227544277247184e-22,
      -3.2962605230141164e-22,
      -3.2630553191515076e-22,
      -3.1963839034168547e-22,
      -2.9948563110683913e-22,
      -2.6574360526770438e-22,
      -1.9986119301482168e-22,
      -4.079350634118188e-23
    ]
  },
  "(0.01,0.05)": {
    "t_values": [
      0.0,
      0.0001,
      0.0005,
      0.001,
      0.005,
      0.01,
      0.05,
      0.1,
      0.2,
      0.5,
      1.0,
      2.0,
      5.0
    ],
    "D5": [
      -1.8472360734426593e-09,
      -1.847390625735714e-09,
      -1.8480087564649102e-09,
      -1.8487812433947855e-09,
      -1.8549540825436406e-09,
      -1.862652505166529e-09,
      -1.9235378011234844e-09,
      -1.997903534129015e-09,
      -2.140926793333128e-09,
      -2.526090581139411e-09,
      -3.0329565135827287e-09,
      -3.6182360907175716e-09,
      -3.209418924005826e-09
    ]
  },
  "(0.02,0.03)": {
    "t_values": [
      0.0,
      0.0001,
      0.0005,
      0.001,
      0.005,
      0.01,
      0.05,
      0.1,
      0.2,
      0.5,
      1.0,
      2.0,
      5.0
    ],
    "D5": [
      -4.0573701865546e-13,
      -4.057369810541389e-13,
      -4.057368261520103e-13,
      -4.0573662240789477e-13,
      -4.0573458807983846e-13,
      -4.0573103560304794e-13,
      -4.056625151183473e-13,
      -4.0547797113343263e-13,
      -4.047881826051435e-13,
      -4.003174703351347e-13,
      -3.8589180450239957e-13,
      -3.37700312425626e-13,
      -1.361068961647105e-13
    ]
  },
  "(0.02,0.05)": {
    "t_values": [
      0.0,
      0.0001,
      0.0005,
      0.001,
      0.005,
      0.01,
      0.05,
      0.1,
      0.2,
      0.5,
      1.0,
      2.0,
      5.0
    ],
    "D5": [
      -7.02129937953889e-11,
      -7.039011481145439e-11,
      -7.109852029131142e-11,
      -7.198385034076465e-11,
      -7.90594215715342e-11,
      -8.788622650563876e-11,
      -1.577971450612786e-10,
      -2.4344071876835153e-10,
      -4.0900177262934346e-10,
      -8.615641015046158e-10,
      -1.4796000400837422e-09,
      -2.2800031282637372e-09,
      -2.4217555730539753e-09
    ]
  },
  "(0.03,0.02)": {
    "t_values": [
      0.0,
      0.0001,
      0.0005,
      0.001,
      0.005,
      0.01,
      0.05,
      0.1,
      0.2,
      0.5,
      1.0,
      2.0,
      5.0
    ],
    "D5": [
      -3.2341992546203914e-17,
      -3.234298859572615e-17,
      -3.2346971089150437e-17,
      -3.235194537099554e-17,
      -3.239158633811705e-17,
      -3.24407548596165e-17,
      -3.2818904864438015e-17,
      -3.3254123306329473e-17,
      -3.400312598287438e-17,
      -3.534210339487287e-17,
      -3.49429738555677e-17,
      -2.6874839352983875e-17,
      1.9159381479092033e-17
    ]
  },
  "(0.03,0.035)": {
    "t_values": [
      0.0,
      0.0001,
      0.0005,
      0.001,
      0.005,
      0.01,
      0.05,
      0.1,
      0.2,
      0.5,
      1.0,
      2.0,
      5.0
    ],
    "D5": [
      -4.452674846370325e-13,
      -4.4543346166486265e-13,
      -4.4609726331491747e-13,
      -4.4692677586564275e-13,
      -4.5355330089320785e-13,
      -4.618125434165111e-13,
      -5.269350124612004e-13,
      -6.059839096389309e-13,
      -7.563959632074986e-13,
      -1.1491273902523943e-12,
      -1.6275356209701764e-12,
      -2.0511474957957745e-12,
      -9.8484000682833e-13
    ]
  },
  "(0.001,0.01)_D4_t0": 2.145234261132755e-14,
  "(0.001,0.01)_D4_t0.0001": 2.1451721019341455e-14,
  "(0.001,0.01)_D4_t0.0005": 2.1449234768425765e-14,
  "(0.001,0.01)_D4_t0.001": 2.1446127218084263e-14,
  "(0.001,0.01)_D4_t0.005": 2.1421277345232756e-14,
  "(0.001,0.01)_D4_t0.01": 2.1390241317995323e-14,
  "(0.001,0.01)_D4_t0.05": 2.1143003412094482e-14,
  "(0.001,0.01)_D4_t0.1": 2.0836570971121536e-14,
  "(0.001,0.01)_D4_t0.2": 2.023235061484233e-14,
  "(0.001,0.01)_D4_t0.5": 1.848749732732529e-14,
  "(0.001,0.01)_D4_t1.0": 1.5796633662954697e-14,
  "(0.001,0.01)_D4_t2.0": 1.1166265585100656e-14,
  "(0.001,0.01)_D4_t5.0": 2.1539042404637518e-15,
  "(0.001,0.05)_D4_t0": 3.8064426035083487e-06,
  "(0.001,0.05)_D4_t0.0001": 3.806362342632543e-06,
  "(0.001,0.05)_D4_t0.0005": 3.8060413101303543e-06,
  "(0.001,0.05)_D4_t0.001": 3.8056400442542543e-06,
  "(0.001,0.05)_D4_t0.005": 3.802430907176098e-06,
  "(0.001,0.05)_D4_t0.01": 3.79842196000175e-06,
  "(0.001,0.05)_D4_t0.05": 3.7664492148194134e-06,
  "(0.001,0.05)_D4_t0.1": 3.7267297114391757e-06,
  "(0.001,0.05)_D4_t0.2": 3.6481077893899677e-06,
  "(0.001,0.05)_D4_t0.5": 3.4186967738811476e-06,
  "(0.001,0.05)_D4_t1.0": 3.0573192661060787e-06,
  "(0.001,0.05)_D4_t2.0": 2.4092240205988617e-06,
  "(0.001,0.05)_D4_t5.0": 9.859544825043287e-07,
  "(0.01,0.01)_D4_t0": 2.195770192199624e-14,
  "(0.01,0.01)_D4_t0.0001": 2.1957079894619862e-14,
  "(0.01,0.01)_D4_t0.0005": 2.1954591901013586e-14,
  "(0.01,0.01)_D4_t0.001": 2.1951482169767798e-14,
  "(0.01,0.01)_D4_t0.005": 2.1926614748080613e-14,
  "(0.01,0.01)_D4_t0.01": 2.1895556530993722e-14,
  "(0.01,0.01)_D4_t0.05": 2.1648130994993188e-14,
  "(0.01,0.01)_D4_t0.1": 2.134143893563381e-14,
  "(0.01,0.01)_D4_t0.2": 2.0736617047594028e-14,
  "(0.01,0.01)_D4_t0.5": 1.898932515003354e-14,
  "(0.01,0.01)_D4_t1.0": 1.62924406021734e-14,
  "(0.01,0.01)_D4_t2.0": 1.1643791245998062e-14,
  "(0.01,0.01)_D4_t5.0": 2.5449858246081916e-15,
  "(0.01,0.05)_D4_t0": 3.82747136756889e-06,
  "(0.01,0.05)_D4_t0.0001": 3.8273916765353145e-06,
  "(0.01,0.05)_D4_t0.0005": 3.827072923229464e-06,
  "(0.01,0.05)_D4_t0.001": 3.826674505960503e-06,
  "(0.01,0.05)_D4_t0.005": 3.823488142211734e-06,
  "(0.01,0.05)_D4_t0.01": 3.819507622897538e-06,
  "(0.01,0.05)_D4_t0.05": 3.7877607521841038e-06,
  "(0.01,0.05)_D4_t0.1": 3.7483197385210498e-06,
  "(0.01,0.05)_D4_t0.2": 3.6702420686369567e-06,
  "(0.01,0.05)_D4_t0.5": 3.442364192424019e-06,
  "(0.01,0.05)_D4_t1.0": 3.0832242564646813e-06,
  "(0.01,0.05)_D4_t2.0": 2.4385168040608276e-06,
  "(0.01,0.05)_D4_t5.0": 1.0185874345812522e-06,
  "(0.001,0.01)_deriv": 7.575982707311153e-23,
  "(0.001,0.05)_deriv": -1.4645403747790012e-09,
  "(0.01,0.01)_deriv": 6.611050111087667e-23,
  "(0.01,0.05)_deriv": -1.5455229305459056e-09,
  "(0.02,0.03)_deriv": 3.760132111171545e-16,
  "(0.02,0.05)_deriv": -1.7712101606548289e-09,
  "(0.03,0.02)_deriv": -9.960495222386283e-18,
  "(0.03,0.035)_deriv": -1.6597702783009911e-12,
  "(0.001,0.05)_t_crit_D5": 11.590431058826306,
  "(0.01,0.05)_t_crit_D5": 11.426421029109301,