{
  "0.0": {
    "var_x_ald": 0.5156858567826567,
    "var_x_qm": 0.5,
    "std_var": 0.0074000844804691475,
    "frac_diff": 0.03137171356531332,
    "nsig": 2.1196861771045907,
    "mean_x": 0.007398656589052592,
    "x4_ald": 0.7996675201648699,
    "x4_qm": 0.75,
    "PE_ald": 0.25784292839132833,
    "PE_qm": 0.25,
    "n_unstable": 0,
    "n_samples": 10000,
    "elapsed_s": 19.037208080291748
  },
  "0.01": {
    "var_x_ald": 0.5027129744405753,
    "var_x_qm": 0.4862,
    "std_var": 0.006787936277705701,
    "frac_diff": 0.03396333698184956,
    "nsig": 2.432694380884286,
    "mean_x": -0.004563887740015888,
    "x4_ald": 0.725187447050073,
    "x4_qm": 0.7029,
    "PE_ald": 0.2586083616907884,
    "PE_qm": 0.2501,
    "n_unstable": 0,
    "n_samples": 10000,
    "elapsed_s": 18.45704483985901
  },
  "0.05": {
    "var_x_ald": 0.4653879672035245,
    "var_x_qm": 0.4458,
    "std_var": 0.006891882902952251,
    "frac_diff": 0.043938912524729735,
    "nsig": 2.842179340443188,
    "mean_x": -0.0008080520746822728,
    "x4_ald": 0.6025989169749093,
    "x4_qm": 0.5788,
    "PE_ald": 0.2628239294505077,
    "PE_qm": 0.2519,
    "n_unstable": 0,
    "n_samples": 10000,
    "elapsed_s": 18.85279893875122
  },
  "0.1": {
    "var_x_ald": 0.4255608383971639,
    "var_x_qm": 0.4125,
    "std_var": 0.006101963713780414,
    "frac_diff": 0.03166263853857923,
    "nsig": 2.140432000221157,
    "mean_x": -0.002234562114111216,
    "x4_ald": 0.5069802089101779,
    "x4_qm": 0.4887,
    "PE_ald": 0.26347844008959975,
    "PE_qm": 0.2551,
    "n_unstable": 0,
    "n_samples": 10000,
    "elapsed_s": 18.4935040473938
  },
  "0.2": {
    "var_x_ald": 0.40144706276756653,
    "var_x_qm": 0.37,
    "std_var": 0.004965160585390949,
    "frac_diff": 0.08499206153396362,
    "nsig": 6.333543946210643,
    "mean_x": 0.00449975645242105,
    "x4_ald": 0.430478235842665,
    "x4_qm": 0.3874,
    "PE_ald": 0.28681917855231626,
    "PE_qm": 0.2625,
    "n_unstable": 0,
    "n_samples": 10000,
    "elapsed_s": 18.383359909057617
  },
  "0.5": {
    "var_x_ald": 0.3435235594764102,
    "var_x_qm": 0.3058,
    "std_var": 0.004026164588980295,
    "frac_diff": 0.12336023373580839,
    "nsig": 9.369601923294557,
    "mean_x": 0.0007566896435875598,
    "x4_ald": 0.2977993805229556,
    "x4_qm": 0.2602,
    "PE_ald": 0.3206614699996829,
    "PE_qm": 0.283,
    "n_unstable": 0,
    "n_samples": 10000,
    "elapsed_s": 18.018830060958862
  },
  "1.0": {
    "var_x_ald": 0.302829951393211,
    "var_x_qm": 0.2571,
    "std_var": 0.0037590760323737583,
    "frac_diff": 0.17786834458658504,
    "nsig": 12.165210546255896,
    "mean_x": 0.004352591467915256,
    "x4_ald": 0.22580238490943494,
    "x4_qm": 0.1822,
    "PE_ald": 0.37721736060604044,
    "PE_qm": 0.3108,
    "n_unstable": 0,
    "n_samples": 10000,
    "elapsed_s": 18.788826942443848
  }
}