{
  "forward_reached": 0.5,
  "backward_reached": -0.19149999999999998,
  "collision_detected": true,
  "collision_t": -0.1915400596682277,
  "time_series": {
    "t": [
      -0.19149999999999998,
      -0.18389999999999998,
      -0.17629999999999998,
      -0.1687,
      -0.1611,
      -0.1535,
      -0.14589999999999997,
      -0.13829999999999998,
      -0.13069999999999998,
      -0.12309999999999999,
      -0.11549999999999999,
      -0.1079,
      -0.10029999999999999,
      -0.09269999999999999,
      -0.0851,
      -0.0775,
      -0.06989999999999999,
      -0.062299999999999994,
      -0.0547,
      -0.047099999999999996,
      -0.03949999999999999,
      -0.0319,
      -0.0243,
      -0.0167,
      -0.009099999999999999,
      -0.0014999999999999998,
      0.0,
      0.02,
      0.04,
      0.06,
      0.08,
      0.1,
      0.12,
      0.14,
      0.16,
      0.18,
      0.2,
      0.22,
      0.24,
      0.26,
      0.28,
      0.3,
      0.32,
      0.34,
      0.36,
      0.38,
      0.4,
      0.42,
      0.44,
      0.46,
      0.48,
      0.5
    ],
    "fisher_kde": [
      0.01816666756597301,
      0.018075832792522735,
      0.01798588025662464,
      0.017896800101329772,
      0.017808582594598613,
      0.017721218120614127,
      0.017634697185885072,
      0.01754901041172999,
      0.01746414853437202,
      0.017380102408893556,
      0.01729686299609034,
      0.017214421371871298,
      0.017132768719431646,
      0.01705189633030087,
      0.016971795604787707,
      0.016892458044986052,
      0.016813875257735693,
      0.01673603895261537,
      0.016658940939321902,
      0.016582573127565396,
      0.016506927524988585,
      0.016431996236301878,
      0.01635777146157074,
      0.01628424549529501,
      0.016211410725031204,
      0.016139259630151725,
      0.016125099421878755,
      0.015938786311312025,
      0.015757014400710246,
      0.015579655658921162,
      0.015406586045149882,
      0.015237685373315431,
      0.015072837180911559,
      0.01491192860268074,
      0.014754850253031986,
      0.014601496102061866,
      0.014451763368893847,
      0.014305552411602652,
      0.01416276662215362,
      0.014023312325679637,
      0.013887098684428997,
      0.01375403760442632,
      0.013624043641872169,
      0.013497033919920772,
      0.013372928043489595,
      0.013251648018099893,
      0.013133118171722172,
      0.013017265079392269,
      0.012904017490808621,
      0.012793306260536588,
      0.012685064280173422,
      0.01257922641163798
    ],
    "entropy": [
      4.857724856951516,
      4.8579905653832824,
      4.858255355018702,
      4.858519234048118,
      4.8587822105704275,
      4.859044292598582,
      4.859305488055831,
      4.859565804780461,
      4.859825250525816,
      4.8600838329578995,
      4.860341559663588,
      4.860598438144871,
      4.860854475823825,
      4.861109680041953,
      4.8613640580600475,
      4.861617617062553,
      4.861870364155797,
      4.862122306369358,
      4.8623734506577305,
      4.862623803900449,
      4.8628733729034685,
      4.863122164399772,
      4.863370185050503,
      4.863617441445604,
      4.863863940104758,
      4.864109687478219,
      4.864158102029859,
      4.86480088030541,
      4.865438622240136,
      4.866071438529019,
      4.86669943682005,
      4.867322721807714,
      4.867941395323532,
      4.868555556423766,
      4.869165301471701,
      4.869770724223366,
      4.8703719159031005,
      4.870968965280813,
      4.871561958746026,
      4.872150980379287,
      4.872736112020579,
      4.87331743333587,
      4.873895021883643,
      4.874468953175135,
      4.8750393007355,
      4.875606136162384,
      4.876169529182493,
      4.876729547706383,
      4.877286257881255,
      4.877839724141979,
      4.878390009260738,
      4.878937174395892
    ],
    "fisher_pert": [
      447769.13873264374,
      447806.7587326448,
      447844.3787326446,
      447881.9987326475,
      447919.6187326449,
      447957.2387326463,
      447994.8587326452,
      448032.47873264464,
      448070.09873265075,
      448107.7187326471,
      448145.3387326472,
      448182.95873264497,
      448220.57873264496,
      448258.19873264874,
      448295.8187326471,
      448333.43873264635,
      448371.05873264634,
      448408.67873264547,
      448446.2987326454,
      448483.9187326452,
      448521.5387326454,
      448559.15873264533,
      448596.7787326454,
      448634.3987326452,
      448672.01873264514,
      448709.6387326452,
      448717.0637326452,
      448816.0637326452,
      448915.06373264536,
      449014.06373264524,
      449113.06373264507,
      449212.06373264524,
      449311.0637326452,
      449410.0637326488,
      449509.06373264646,
      449608.06373264536,
      449707.06373264536,
      449806.0637326456,
      449905.0637326452,
      450004.0637326463,
      450103.0637326485,
      450202.0637326463,
      450301.0637326456,
      450400.06373264536,
      450499.06373264553,
      450598.0637326456,
      450697.0637326455,
      450796.0637326455,
      450895.0637326469,
      450994.06373264897,
      451093.06373264856,
      451192.06373264565
    ],
    "min_gap": [
      0.013610126905561515,
      0.17463884720288547,
      0.24625577068644589,
      0.3010244349206346,
      0.34701736974461994,
      0.3873743454781362,
      0.42370992793453865,
      0.4569853807721387,
      0.4878282647586758,
      0.5166752456780728,
      0.5438448817905055,
      0.5695780401891,
      0.594062186267422,
      0.6174466505961362,
      0.6398526936092424,
      0.6613804432842301,
      0.6821137110941464,
      0.7021235052576031,
      0.7214706332525793,
      0.7402076455561541,
      0.7583803376462583,
      0.7760289110448468,
      0.7931888943587921,
      0.8098918731641476,
      0.8261660818373571,
      0.8420368851094935,
      0.8451236338229648,
      0.8849409146746581,
      0.9224920178920399,
      0.9580513076242454,
      0.9918405318283305,
      1.0240420861993869,
      1.0548082573475739,
      1.084267839952716,
      1.1125309624089397,
      1.139692763018914,
      1.1658361149586227,
      1.1910337764053622,
      1.2153500736563672,
      1.2388422354608082,
      1.261561459652384,
      1.2835537837592597,
      1.304860820357078,
      1.3255203248085081,
      1.3455666958130337,
      1.3650313905962008,
      1.3839432750027925,
      1.4023289210812635,
      1.4202128598697499,
      1.4376177982891107,
      1.4545648090471985,
      1.4710735024601433
    ],
    "mean_gap": [
      2.620567966630699,
      2.6210342528962483,
      2.621500096042381,
      2.6219654978120257,
      2.6224304599463095,
      2.6228949841842457,
      2.6233590722624283,
      2.6238227259147413,
      2.624285946872086,
      2.624748736862116,
      2.6252110976089726,
      2.6256730308330565,
      2.626134538250782,
      2.626595621574364,
      2.627056282511601,
      2.6275165227656707,
      2.627976344034939,
      2.628435748012779,
      2.6288947363873856,
      2.629353310841617,
      2.629811473052829,
      2.630269224692726,
      2.6307265674272173,
      2.6311835029162784,
      2.6316400328138205,
      2.6320961587675695,
      2.6321861360384884,
      2.63338434163053,
      2.6345797930864703,
      2.635772519760646,
      2.636962550676012,
      2.63814991451518,
      2.6393346396129402,
      2.640516753950178,
      2.64169628514907,
      2.642873260469215,
      2.6440477068049995,
      2.645219650683763,
      2.6463891182647385,
      2.6475561353388053,
      2.6487207273289552,
      2.6498829192912603,
      2.6510427359161914,
      2.6522002015308197,
      2.6533553401011827,
      2.6545081752350215,
      2.6556587301848165,
      2.656807027851211,
      2.657953090786725,
      2.659096941199664,
      2.660238600958114,
      2.6613780915939076
    ],