{
  "label": "5077a1",
  "rank": 3,
  "conductor": 5077,
  "sha_analytic": 0.9999999999999996,
  "torsion_order": 1,
  "bsd_leading_coefficient": 1.7318499001192997,
  "galois_topology": {
    "betti_0": 3,
    "spectral_gap": 1.1318901598149342,
    "fiedler_value": 1.1318901598149342,
    "cheeger_lower": 3.55095548411483e-18,
    "cheeger_upper": 3.768795820478912e-09,
    "laplacian_eigenvalues": [
      9.239719130861617e-16,
      1.811804254537146e-15,
      3.1536843974399626e-15,
      1.1318901598149342,
      2.525237675717275,
      7.749006356582502,
      11.156854249502423,
      11.742640687126828,
      11.892586483220947,
      11.999999999999995,
      12.000000000000002,
      12.127131944959984,
      12.49999999999996,
      12.499999999999986,
      12.499999999999995,
      12.5,
      12.500000000000009,
      12.914213562378102,
      12.914213562378105,
      12.91421356237811
    ],
    "normalized_eigenvalues": [
      -1.755623420407832e-17,
      7.10191096822966e-18,
      2.593492743828105e-16,
      0.09663006315424572,
      0.2102149305624639,
      0.7508357559670812,
      0.9886878598830887,
      0.9999999999999998,
      1.0000000000000004,
      1.0000000000000007,
      1.0545948676141637,
      1.0762094961113389,
      1.0999999999999999,
      1.1000000000000008,
      1.10846424710042,
      1.112926349290636,
      1.124264068711799,
      1.124264068711799,
      1.1242640687117997,
      1.1249999999999998
    ],
    "total_edge_weight": 286.5832611207908,
    "mean_degree": 12.460141787860469
  },
  "galois_cs": {
    "action_type": "cs",
    "beta": 1.0,
    "mean_action": 0.9996213272490564,
    "var_action": 0.4624062132726874,
    "free_energy": 0.7684182206127127,
    "log_partition_function": -0.7684182206127127,
    "partition_function": 0.46374603237963036,
    "mean_wilson_loop": 0.3695931021781929,
    "wilson_loop_variance": 0.07416005755474418,
    "mean_acceptance_rate": 0.9990111642743221,
    "n_measurements": 300,
    "n_configs": 3,
    "n_triangles": 506
  },
  "galois_bf": {
    "action_type": "bf",
    "beta": 1.0,
    "mean_action": 4.569631006805735,
    "var_action": 0.39717753901864267,
    "free_energy": 4.371042237296414,
    "log_partition_function": -4.371042237296414,
    "partition_function": 0.01263806184211221,
    "mean_wilson_loop": 0.3392506821408742,
    "wilson_loop_variance": 0.060590159259491426,
    "mean_acceptance_rate": 0.9989792663476874,
    "n_measurements": 300,
    "n_configs": 3,
    "n_triangles": 506
  },
  "galois_wilson": {
    "wilson_mean": 1.1331829733701602,
    "wilson_var": 0.06336700048962887,
    "wilson_autocorrelation": 0.940044786611099,
    "action_mean": 3.0657255748346364,
    "action_var": 0.38508673377626856,
    "n_measurements": 60
  },
  "frobenius_angle_topology": {
    "betti_0": 1,
    "spectral_gap": 0.15179066705195107,
    "fiedler_value": 0.15179066705195107,
    "cheeger_lower": 0.008479159032828767,
    "cheeger_upper": 0.18416469838520919,
    "laplacian_eigenvalues": [
      4.350686477749832e-15,
      0.15179066705195107,
      0.7083902186237124,
      1.5473474184141265,
      3.6826642754764354,
      4.768684562071565,
      5.839199554372789,
      6.925790655895443,
      7.847217613444717,
      8.040170867682072,
      8.26925405134334,
      8.287237598628522,
      8.349782327896039,
      8.535424261522337,
      8.56307694766496,
      8.573735169434116,
      8.574068979296387,
      8.574068979296394,
      8.623048252799324,
      8.624666532495727
    ],
    "normalized_eigenvalues": [
      -2.938187887435717e-16,
      0.016958318065657535,
      0.08529976867055625,
      0.18009039876082716,
      0.45617825283260055,
      0.6012737190385129,
      0.7062677071232011,
      0.8706925442063491,
      0.9786349995550974,
      0.9905027622657967,
      1.0140506722070706,
      1.0217466897198353,
      1.0306039159688227,
      1.0501000970034262,
      1.0895093286950341,
      1.0958354929197338,
      1.0973625727252887,
      1.0975702868893695,
      1.1037519455054328,
      1.104065325096845
    ],
    "total_edge_weight": 202.10415079324977,
    "mean_degree": 8.78713699101086
  },
  "frobenius_angle_cs": {
    "action_type": "cs",
    "beta": 1.0,
    "mean_action": 0.2841839850295098,
    "var_action": 0.03639025985395385,
    "free_energy": 0.2659888551025329,
    "log_partition_function": -0.2659888551025329,
    "partition_function": 0.7664476694341094,
    "mean_wilson_loop": 0.32259177572546477,
    "wilson_loop_variance": 0.052633665595907674,
    "mean_acceptance_rate": 0.9997496087636932,
    "n_measurements": 300,
    "n_configs": 3,
    "n_triangles": 448
  },
  "frobenius_angle_bf": {
    "action_type": "bf",
    "beta": 1.0,
    "mean_action": 3.18107180404204,
    "var_action": 0.21144589777836628,
    "free_energy": 3.0753488551528565,
    "log_partition_function": -3.0753488551528565,
    "partition_function": 0.04617351770212081,
    "mean_wilson_loop": 0.3195259707876443,
    "wilson_loop_variance": 0.06212676123504762,
    "mean_acceptance_rate": 0.99943661971831,
    "n_measurements": 300,
    "n_configs": 3,
    "n_triangles": 448
  },
  "frobenius_angle_wilson": {
    "wilson_mean": 1.1522633468408612,
    "wilson_var": 0.050456064968299755,
    "wilson_autocorrelation": 0.9522042365745524,
    "action_mean": 0.9932409868519215,
    "action_var": 0.035545454853004324,
    "n_measurements": 60
  },
  "mixed_topology": {
    "betti_0": 1,
    "spectral_gap": 0.05401806545573523,
    "fiedler_value": 0.05401806545573523,
    "cheeger_lower": 0.003061620826740553,
    "cheeger_upper": 0.11066383016578728,
    "laplacian_eigenvalues": [
      3.1676050671336498e-15,
      0.05401806545573523,
      1.460217065167558,
      1.92227908475913,
      3.0841386529014727,
      4.780820752519386,
      6.5490172388525645,
      6.71010915659203,
      7.134718158593694,
      7.235975428617704,
      7.610097208312034,
      7.753811437168511,
      7.9078795163709925,
      8.220132439255034,
      8.319348323858286,
      8.344804119392538,
      8.407039084253672,
      8.582475896585224,
      8.648409959762251,
      8.802466955745906
    ],
    "normalized_eigenvalues": [
      5.377642775528102e-17,
      0.006123241653481106,
      0.18248032308037127,
      0.23160830673087202,
      0.36772791063822796,
      0.6641574366747249,
      0.80258942214647,
      0.8567866467972052,
      0.8902389745740386,
      0.8989584116900544,
      0.9428861318410814,
      0.9640081631548877,
      0.9769034695701666,
      0.9816368040665248,
      0.9891466519718735,
      0.998579880795188,
      1.008318748767256,
      1.0245844867340714,
      1.0478996829301614,
      1.0818947790582998
    ],
    "total_edge_weight": 199.03677320941364,
    "mean_degree": 8.653772748235374
  },
  "mixed_cs": {
    "action_type": "cs",
    "beta": 1.0,
    "mean_action": 0.30309463049556595,
    "var_action": 0.0393078614239073,
    "free_energy": 0.2834406997836123,
    "log_partition_function": -0.2834406997836123,
    "partition_function": 0.7531877850144243,
    "mean_wilson_loop": 0.3410546339508416,
    "wilson_loop_variance": 0.055164495250064116,
    "mean_acceptance_rate": 0.9996557120500781,
    "n_measurements": 300,
    "n_configs": 3,
    "n_triangles": 378
  },
  "mixed_bf": {
    "action_type": "bf",
    "beta": 1.0,
    "mean_action": 3.2433760663564204,
    "var_action": 0.22414918401658374,
    "free_energy": 3.1313014743481284,
    "log_partition_function": -3.1313014743481284,
    "partition_function": 0.04366093667039052,
    "mean_wilson_loop": 0.30424605685160366,
    "wilson_loop_variance": 0.06998286144154103,
    "mean_acceptance_rate": 0.9993896713615023,
    "n_measurements": 300,
    "n_configs": 3,
    "n_triangles": 378
  },
  "mixed_wilson": {
    "wilson_mean": 1.1551207199145759,
    "wilson_var": 0.04849080772973131,