{
  "label": "960d1",
  "rank": 0,
  "conductor": 960,
  "sha_analytic": 4.000000000000001,
  "torsion_order": 2,
  "bsd_leading_coefficient": 1.7431258039922601,
  "galois_topology": {
    "betti_0": 3,
    "spectral_gap": 3.359546742025948,
    "fiedler_value": 3.359546742025948,
    "cheeger_lower": 2.666798533679408e-17,
    "cheeger_upper": 1.0328210946101766e-08,
    "laplacian_eigenvalues": [
      9.38981601420322e-15,
      1.4564611408145515e-14,
      1.509507767862502e-14,
      3.359546742025948,
      4.309168447495549,
      6.1650752284993775,
      11.432995032127192,
      11.499999999999995,
      11.500000000000004,
      11.72068895246163,
      11.74264068713436,
      11.742640687134363,
      11.742640687134363,
      11.742640687134367,
      11.742640687134374,
      11.860053974708912,
      12.328427124751217,
      12.328427124751231,
      12.417131573546486,
      12.914213562375604
    ],
    "normalized_eigenvalues": [
      -5.555529181804434e-17,
      5.333597067358816e-17,
      3.177775284850852e-16,
      0.3052192152680602,
      0.3713105804130037,
      0.5674070670477939,
      0.9612982337488242,
      1.0213936034581,
      1.0251353019358385,
      1.0385971485543557,
      1.085786437626757,
      1.085786437626757,
      1.0967741935483861,
      1.0967741935483868,
      1.0967741935483872,
      1.1009742845727508,
      1.1010341285414427,
      1.1059557422548665,
      1.1249999999999991,
      1.1249999999999993
    ],
    "total_edge_weight": 266.65432893269394,
    "mean_degree": 12.402526927102041
  },
  "galois_cs": {
    "action_type": "cs",
    "beta": 1.0,
    "mean_action": 0.8443934295432327,
    "var_action": 0.30124289435006335,
    "free_energy": 0.693771982368201,
    "log_partition_function": -0.693771982368201,
    "partition_function": 0.4996876966698745,
    "mean_wilson_loop": 0.34842794356885065,
    "wilson_loop_variance": 0.059080053586314796,
    "mean_acceptance_rate": 0.9990381426202322,
    "n_measurements": 300,
    "n_configs": 3,
    "n_triangles": 471
  },
  "galois_bf": {
    "action_type": "bf",
    "beta": 1.0,
    "mean_action": 4.361309358313923,
    "var_action": 0.43550304619361496,
    "free_energy": 4.143557835217115,
    "log_partition_function": -4.143557835217115,
    "partition_function": 0.01586630128051323,
    "mean_wilson_loop": 0.3643767944949494,
    "wilson_loop_variance": 0.06607802791786262,
    "mean_acceptance_rate": 0.9988557213930348,
    "n_measurements": 300,
    "n_configs": 3,
    "n_triangles": 471
  },
  "galois_wilson": {
    "wilson_mean": 1.1488105647575175,
    "wilson_var": 0.05573371072850494,
    "wilson_autocorrelation": 0.9491170705532208,
    "action_mean": 2.839562128164845,
    "action_var": 0.3202289925750945,
    "n_measurements": 60
  },
  "frobenius_angle_topology": {
    "betti_0": 1,
    "spectral_gap": 0.15490081540089426,
    "fiedler_value": 0.15490081540089426,
    "cheeger_lower": 0.009417735186513091,
    "cheeger_upper": 0.19409003257780233,
    "laplacian_eigenvalues": [
      3.5171518475429764e-16,
      0.15490081540089426,
      0.5054080397773114,
      1.417687171033332,
      3.544536099361891,
      5.259261416226718,
      6.658342615539391,
      7.598673136014047,
      7.7234657758851375,
      7.963407884105917,
      8.009471379532497,
      8.119908974222081,
      8.260152314734649,
      8.2860136821381,
      8.3747388740901,
      8.475541891795539,
      8.571052509747643,
      8.582421299155687,
      8.599793442341179,
      8.622659065598672
    ],
    "normalized_eigenvalues": [
      5.096834412854356e-16,
      0.018835470373026183,
      0.06074134891421664,
      0.17774045800122187,
      0.4502001157158284,
      0.6571980522218296,
      0.8406971465858346,
      0.9663984912455894,
      0.9722817839333999,
      1.001992040756448,
      1.0207960961124607,
      1.0305682427355056,
      1.0485919788564804,
      1.0955688916565773,
      1.0980844011353383,
      1.098278376167835,
      1.10060889266058,
      1.1050260114970993,
      1.1124085062000475,
      1.1155231615671413
    ],
    "total_edge_weight": 178.3043672042994,
    "mean_degree": 8.293226381595321
  },
  "frobenius_angle_cs": {
    "action_type": "cs",
    "beta": 1.0,
    "mean_action": 0.2777259853464492,
    "var_action": 0.04575477979260536,
    "free_energy": 0.25484859545014654,
    "log_partition_function": -0.25484859545014654,
    "partition_function": 0.7750338327269133,
    "mean_wilson_loop": 0.33134978425540823,
    "wilson_loop_variance": 0.07281050631056521,
    "mean_acceptance_rate": 0.9996315789473684,
    "n_measurements": 300,
    "n_configs": 3,
    "n_triangles": 386
  },
  "frobenius_angle_bf": {
    "action_type": "bf",
    "beta": 1.0,
    "mean_action": 3.0582507337612928,
    "var_action": 0.21447870639942163,
    "free_energy": 2.951011380561582,
    "log_partition_function": -2.951011380561582,
    "partition_function": 0.05228679734711266,
    "mean_wilson_loop": 0.38017042352352953,
    "wilson_loop_variance": 0.06658242288385548,
    "mean_acceptance_rate": 0.999298245614035,
    "n_measurements": 300,
    "n_configs": 3,
    "n_triangles": 386
  },
  "frobenius_angle_wilson": {
    "wilson_mean": 1.1178517184470877,
    "wilson_var": 0.05972449382487644,
    "wilson_autocorrelation": 0.9526285714908299,
    "action_mean": 0.9397418539200719,
    "action_var": 0.03637614959615797,
    "n_measurements": 60
  },
  "mixed_topology": {
    "betti_0": 2,
    "spectral_gap": 0.9165751581337754,
    "fiedler_value": 0.9165751581337754,
    "cheeger_lower": 6.60355397966099e-16,
    "cheeger_upper": 5.139476229991142e-08,
    "laplacian_eigenvalues": [
      4.32859510147806e-15,
      8.883058891561303e-15,
      0.9165751581337754,
      2.6106922799506385,
      3.993067011750089,
      5.0667741580205465,
      6.17228240487914,
      6.326017566177913,
      6.607884177726412,
      7.470083630543276,
      7.528329009659955,
      7.699418356133473,
      7.8631256631576685,
      8.040815491349374,
      8.081275568906475,
      8.143444379080403,
      8.224203230002578,
      8.29482550721913,
      8.481694813382433,
      8.65032891564798
    ],
    "normalized_eigenvalues": [
      5.527905581227536e-16,
      1.320710795932198e-15,
      0.1104862065827691,
      0.3263040304273681,
      0.5035388429797876,
      0.6721999122682104,
      0.8220382575179364,
      0.846952080012145,
      0.8973463245236931,
      0.9218608315823966,
      0.9421327821941976,
      0.9532568028558439,
      0.978815501923408,
      0.9914854956728548,
      1.006367522881717,
      1.0210744094680912,
      1.0315925861456487,
      1.0625500031949078,
      1.080023648552172,
      1.092977531613768
    ],
    "total_edge_weight": 177.8563576789557,
    "mean_degree": 8.272388729253754
  },
  "mixed_cs": {
    "action_type": "cs",
    "beta": 1.0,
    "mean_action": 0.29021340782659544,
    "var_action": 0.042748870062652544,
    "free_energy": 0.26883897279526914,
    "log_partition_function": -0.26883897279526914,
    "partition_function": 0.7642663134082276,
    "mean_wilson_loop": 0.3540697080375863,
    "wilson_loop_variance": 0.06564244626205447,
    "mean_acceptance_rate": 0.9997754749568223,
    "n_measurements": 300,
    "n_configs": 3,
    "n_triangles": 334
  },
  "mixed_bf": {
    "action_type": "bf",
    "beta": 1.0,
    "mean_action": 3.15854495336281,
    "var_action": 0.20895494416365823,
    "free_energy": 3.054067481280981,
    "log_partition_function": -3.054067481280981,
    "partition_function": 0.04716668408465829,
    "mean_wilson_loop": 0.33005337677911534,
    "wilson_loop_variance": 0.06438865131085635,
    "mean_acceptance_rate": 0.999412780656304,
    "n_measurements": 300,
    "n_configs": 3,
    "n_triangles": 334
  },
  "mixed_wilson": {
    "wilson_mean": 1.2031618825533195,
    "wilson_var": 0.03316299882252614,