{
  "label": "37a1",
  "rank": 1,
  "conductor": 37,
  "sha_analytic": 1.0,
  "torsion_order": 1,
  "bsd_leading_coefficient": 0.3059997738340523,
  "galois_topology": {
    "betti_0": 3,
    "spectral_gap": 5.18108289586837,
    "fiedler_value": 5.18108289586837,
    "cheeger_lower": 2.246006146862374e-16,
    "cheeger_upper": 2.9973362486463703e-08,
    "laplacian_eigenvalues": [
      7.075541181889157e-15,
      9.07820402956951e-15,
      1.6309580290234885e-14,
      5.18108289586837,
      5.25411641064145,
      6.4718562346055135,
      9.985281374253624,
      9.985281374253635,
      10.994671972853563,
      10.999999999999993,
      10.999999999999998,
      11.000000000000009,
      11.213183179250608,
      11.455687497726135,
      11.742640687134354,
      11.99999999999999,
      12.000000000000004,
      12.000000000000007,
      12.944494726582537,
      13.173345813094937
    ],
    "normalized_eigenvalues": [
      -4.803710429869403e-16,
      4.492012293724748e-16,
      1.664863259936369e-15,
      0.470000605502422,
      0.4745233084134714,
      0.6808197866789062,
      0.8945075129549602,
      0.9826080544386232,
      0.9999999999999989,
      0.9999999999999993,
      1.0,
      1.000000000000001,
      1.0106754839889025,
      1.0400362433516817,
      1.0496709336751417,
      1.06,
      1.0714285714285703,
      1.0714285714285705,
      1.071428571428571,
      1.0714285714285716
    ],
    "total_edge_weight": 315.48275605745766,
    "mean_degree": 14.021455824775897
  },
  "galois_cs": {
    "action_type": "cs",
    "beta": 1.0,
    "mean_action": 0.8779815463955924,
    "var_action": 0.3658904366447995,
    "free_energy": 0.6950363280731927,
    "log_partition_function": -0.6950363280731927,
    "partition_function": 0.49905631790137844,
    "mean_wilson_loop": 0.31279748905550614,
    "wilson_loop_variance": 0.059743433098159854,
    "mean_acceptance_rate": 0.9994992846924178,
    "n_measurements": 300,
    "n_configs": 3,
    "n_triangles": 609
  },
  "galois_bf": {
    "action_type": "bf",
    "beta": 1.0,
    "mean_action": 4.593964738228162,
    "var_action": 0.4298719298960096,
    "free_energy": 4.379028773280157,
    "log_partition_function": -4.379028773280157,
    "partition_function": 0.012537529493424288,
    "mean_wilson_loop": 0.339455852947923,
    "wilson_loop_variance": 0.06284386742117824,
    "mean_acceptance_rate": 0.9989413447782547,
    "n_measurements": 300,
    "n_configs": 3,
    "n_triangles": 609
  },
  "galois_wilson": {
    "wilson_mean": 1.0931923276280022,
    "wilson_var": 0.0666777024773915,
    "wilson_autocorrelation": 0.9652342324038481,
    "action_mean": 3.004933553090669,
    "action_var": 0.4570277933824191,
    "n_measurements": 60
  },
  "frobenius_angle_topology": {
    "betti_0": 1,
    "spectral_gap": 0.18317340386678838,
    "fiedler_value": 0.18317340386678838,
    "cheeger_lower": 0.010460741151865498,
    "cheeger_upper": 0.20455552939840563,
    "laplacian_eigenvalues": [
      4.10175365894716e-15,
      0.18317340386678838,
      0.8748104297893116,
      1.8954993268063698,
      3.106358144768856,
      4.996184996652121,
      6.99510448626736,
      7.446099991464578,
      7.548513769403965,
      7.71744616863843,
      8.202282473474177,
      8.297123131584415,
      8.33221378476072,
      8.359774197114993,
      8.508781449239816,
      8.52089764513626,
      8.540932142447788,
      8.546174900304162,
      8.56033051355922,
      8.603125096799225
    ],
    "normalized_eigenvalues": [
      -2.0025214125807267e-16,
      0.020921482303730997,
      0.10598565116816243,
      0.22646603436277724,
      0.37765713867113454,
      0.5913208103225652,
      0.8580701364066547,
      0.9462527155368587,
      0.9527476174361381,
      0.993579032998731,
      1.0039345681321237,
      1.02611854725474,
      1.0325300430949307,
      1.0390156435530997,
      1.0858095243293535,
      1.0880754134473483,
      1.0993492042047341,
      1.1054690339638922,
      1.1066990846956286,
      1.1084889505173878
    ],
    "total_edge_weight": 198.26984823140037,
    "mean_degree": 8.811993254728906
  },
  "frobenius_angle_cs": {
    "action_type": "cs",
    "beta": 1.0,
    "mean_action": 0.2741869749973729,
    "var_action": 0.038826780706495076,
    "free_energy": 0.25477358464412536,
    "log_partition_function": -0.25477358464412536,
    "partition_function": 0.7750919708198651,
    "mean_wilson_loop": 0.32387090350536013,
    "wilson_loop_variance": 0.059230680017061894,
    "mean_acceptance_rate": 0.9996524486571882,
    "n_measurements": 300,
    "n_configs": 3,
    "n_triangles": 446
  },
  "frobenius_angle_bf": {
    "action_type": "bf",
    "beta": 1.0,
    "mean_action": 3.153525094090593,
    "var_action": 0.2086290230667945,
    "free_energy": 3.0492105825571953,
    "log_partition_function": -3.0492105825571953,
    "partition_function": 0.04739632511257641,
    "mean_wilson_loop": 0.3253510927876527,
    "wilson_loop_variance": 0.06298057188025817,
    "mean_acceptance_rate": 0.9994786729857822,
    "n_measurements": 300,
    "n_configs": 3,
    "n_triangles": 446
  },
  "frobenius_angle_wilson": {
    "wilson_mean": 1.1407003832114688,
    "wilson_var": 0.05171108607817681,
    "wilson_autocorrelation": 0.9234008434556394,
    "action_mean": 0.9613602057352016,
    "action_var": 0.03772840571836529,
    "n_measurements": 60
  },
  "mixed_topology": {
    "betti_0": 1,
    "spectral_gap": 0.05246349830577482,
    "fiedler_value": 0.05246349830577482,
    "cheeger_lower": 0.002902904448395236,
    "cheeger_upper": 0.10775721689789944,
    "laplacian_eigenvalues": [
      5.2475385148298415e-15,
      0.05246349830577482,
      0.7689982133937611,
      3.461292885037189,
      4.771793370925884,
      5.184139258533592,
      5.562516418040814,
      6.528717479163635,
      6.995897336647791,
      7.09990922489,
      7.28406672721093,
      7.4822923222711495,
      7.73791485545073,
      7.830332497160885,
      8.183594920534036,
      8.212354015004326,
      8.27925175135496,
      8.501809467177516,
      8.606760954320428,
      8.810711047499074
    ],
    "normalized_eigenvalues": [
      2.3483819056036026e-16,
      0.005805808896790472,
      0.09132835091768039,
      0.45277569777456816,
      0.5382311236049855,
      0.6745396885766368,
      0.767214514182289,
      0.8210048429618306,
      0.8302204510262707,
      0.886108340806321,
      0.9342858162170984,
      0.9469579275852905,
      0.9671793672162655,
      0.9832041932794925,
      0.9931155936932473,
      0.9994159813614133,
      1.0057292071996151,
      1.044821894344483,
      1.052320847444344,
      1.061674149864397
    ],
    "total_edge_weight": 199.82297025735605,
    "mean_degree": 8.881020900326936
  },
  "mixed_cs": {
    "action_type": "cs",
    "beta": 1.0,
    "mean_action": 0.3153328340615888,
    "var_action": 0.040886903526050865,
    "free_energy": 0.2948893822985634,
    "log_partition_function": -0.2948893822985634,
    "partition_function": 0.7446139503940767,
    "mean_wilson_loop": 0.3568808314761056,
    "wilson_loop_variance": 0.0576778528081447,
    "mean_acceptance_rate": 0.9997663551401869,
    "n_measurements": 300,
    "n_configs": 3,
    "n_triangles": 390
  },
  "mixed_bf": {
    "action_type": "bf",
    "beta": 1.0,
    "mean_action": 3.108214263372567,
    "var_action": 0.18609373813823415,
    "free_energy": 3.0151673943034503,
    "log_partition_function": -3.0151673943034503,
    "partition_function": 0.04903762618066298,
    "mean_wilson_loop": 0.3722333548501376,
    "wilson_loop_variance": 0.05837901825273601,
    "mean_acceptance_rate": 0.9991744548286605,
    "n_measurements": 300,
    "n_configs": 3,
    "n_triangles": 390
  },
  "mixed_wilson": {
    "wilson_mean": 1.1787026844291004,
    "wilson_var": 0.04388171924960746,
    "wilson_autocorrelation": 0.9343232939892803,
    "action_mean": 1.025793256190719,