{
  "label": "389a1",
  "rank": 2,
  "conductor": 389,
  "sha_analytic": 1.0000000000000004,
  "torsion_order": 1,
  "bsd_leading_coefficient": 0.7593165002884268,
  "galois_topology": {
    "betti_0": 3,
    "spectral_gap": 2.8646545337945457,
    "fiedler_value": 2.8646545337945457,
    "cheeger_lower": -2.1158187695268497e-17,
    "cheeger_upper": NaN,
    "laplacian_eigenvalues": [
      3.2001669391730796e-16,
      3.227362123960045e-15,
      4.007243380235962e-15,
      2.8646545337945457,
      3.603224175052591,
      4.598063128105326,
      10.87188380467751,
      11.156854249512483,
      11.156854249512485,
      11.156854249512488,
      11.372921082839081,
      11.383901527413425,
      11.613218886267271,
      11.742640687126821,
      11.742640687126828,
      11.742640687126846,
      12.499999999999996,
      12.500000000000002,
      12.500000000000002,
      12.50000000000001
    ],
    "normalized_eigenvalues": [
      -1.226520231320819e-16,
      -4.2316375390536995e-17,
      6.652171581909766e-16,
      0.23859083703646045,
      0.3255762006026529,
      0.43334179082279034,
      0.9079322664610082,
      1.0193182387148034,
      1.0258705247534594,
      1.0310904911640493,
      1.042943935747627,
      1.0857142857142856,
      1.0900529297488495,
      1.0905192119800313,
      1.0905192119800315,
      1.1043094694398512,
      1.1111111111111103,
      1.111111111111111,
      1.1111111111111112,
      1.1111111111111125
    ],
    "total_edge_weight": 291.74011537032334,
    "mean_degree": 12.684352842187971
  },
  "galois_cs": {
    "action_type": "cs",
    "beta": 1.0,
    "mean_action": 1.0385078366117524,
    "var_action": 0.4721587959749828,
    "free_energy": 0.802428438624261,
    "log_partition_function": -0.802428438624261,
    "partition_function": 0.44823912015094713,
    "mean_wilson_loop": 0.36920103256492015,
    "wilson_loop_variance": 0.0633318351051468,
    "mean_acceptance_rate": 0.9989252336448597,
    "n_measurements": 300,
    "n_configs": 3,
    "n_triangles": 490
  },
  "galois_bf": {
    "action_type": "bf",
    "beta": 1.0,
    "mean_action": 4.661255069395593,
    "var_action": 0.4136889737843988,
    "free_energy": 4.454410582503393,
    "log_partition_function": -4.454410582503393,
    "partition_function": 0.01162717111340287,
    "mean_wilson_loop": 0.32500701521000536,
    "wilson_loop_variance": 0.06118879792758386,
    "mean_acceptance_rate": 0.9989719626168225,
    "n_measurements": 300,
    "n_configs": 3,
    "n_triangles": 490
  },
  "galois_wilson": {
    "wilson_mean": 1.1724562489231247,
    "wilson_var": 0.0502959270822433,
    "wilson_autocorrelation": 0.9342437900644456,
    "action_mean": 3.2012896715224812,
    "action_var": 0.3803753964642009,
    "n_measurements": 60
  },
  "frobenius_angle_topology": {
    "betti_0": 1,
    "spectral_gap": 0.14399070137198752,
    "fiedler_value": 0.14399070137198752,
    "cheeger_lower": 0.008101571764171204,
    "cheeger_upper": 0.18001746319922635,
    "laplacian_eigenvalues": [
      2.7521387946372045e-15,
      0.14399070137198752,
      0.532164760180131,
      1.447593248567137,
      3.879644774202112,
      4.1953700859357825,
      6.17571047415214,
      7.337883222127084,
      7.647144045602393,
      7.727210984961521,
      7.966783139160081,
      8.001838046570327,
      8.22007222385389,
      8.345023286007022,
      8.400382294465324,
      8.535228970014305,
      8.770054791125576,
      8.795411365908626,
      8.829952894295428,
      8.852839279554958
    ],
    "normalized_eigenvalues": [
      -1.6403978869705682e-16,
      0.016203143528342408,
      0.061152992236121965,
      0.17480580464778417,
      0.4865513787187651,
      0.5346834022781668,
      0.7815186187611218,
      0.9541043420431573,
      0.9812853733593464,
      0.9909066352662212,
      1.0080282635053825,
      1.0122921606797364,
      1.0281897197133185,
      1.0309697338187627,
      1.0707234093081104,
      1.0799003562102905,
      1.095850953893459,
      1.0963489613266522,
      1.0984844032158976,
      1.1049083758351383
    ],
    "total_edge_weight": 200.66583879829497,
    "mean_degree": 8.724601686882393
  },
  "frobenius_angle_cs": {
    "action_type": "cs",
    "beta": 1.0,
    "mean_action": 0.28631583311368836,
    "var_action": 0.04484642558252936,
    "free_energy": 0.26389262032242367,
    "log_partition_function": -0.26389262032242367,
    "partition_function": 0.7680560088354593,
    "mean_wilson_loop": 0.33881059070077674,
    "wilson_loop_variance": 0.06776218686039705,
    "mean_acceptance_rate": 0.9997169811320754,
    "n_measurements": 300,
    "n_configs": 3,
    "n_triangles": 456
  },
  "frobenius_angle_bf": {
    "action_type": "bf",
    "beta": 1.0,
    "mean_action": 3.199071190257119,
    "var_action": 0.20702442228085333,
    "free_energy": 3.095558979116692,
    "log_partition_function": -3.095558979116692,
    "partition_function": 0.045249711745725944,
    "mean_wilson_loop": 0.3162121104802214,
    "wilson_loop_variance": 0.06509366647248017,
    "mean_acceptance_rate": 0.9993396226415094,
    "n_measurements": 300,
    "n_configs": 3,
    "n_triangles": 456
  },
  "frobenius_angle_wilson": {
    "wilson_mean": 1.1779647338687411,
    "wilson_var": 0.055563918577760246,
    "wilson_autocorrelation": 0.9564390412968783,
    "action_mean": 1.0165463132144466,
    "action_var": 0.0406232973666389,
    "n_measurements": 60
  },
  "mixed_topology": {
    "betti_0": 2,
    "spectral_gap": 1.0936143340171534,
    "fiedler_value": 1.0936143340171534,
    "cheeger_lower": 5.631976869646042e-16,
    "cheeger_upper": 4.746357285180306e-08,
    "laplacian_eigenvalues": [
      3.774851381611012e-15,
      8.277363584435943e-15,
      1.0936143340171534,
      2.9762848532677086,
      3.093722102725283,
      4.215761789134249,
      6.491620848974421,
      7.064210442537386,
      7.161840206508649,
      7.221608565263737,
      7.496715227713205,
      7.636643979906472,
      7.868061223324446,
      7.94408370832049,
      8.097340498037013,
      8.140077248565824,
      8.158426492807958,
      8.176605130770147,
      8.292199464226833,
      8.302560434004787
    ],
    "normalized_eigenvalues": [
      8.160385621215976e-16,
      1.1263953739292085e-15,
      0.12482846019322064,
      0.37356024999743015,
      0.3930813797864329,
      0.5535586536250663,
      0.8282429989610148,
      0.8635363045785902,
      0.9063472775728612,
      0.9248176139470967,
      0.9417692467238379,
      0.9582577795826039,
      0.9625861433777343,
      0.9727154987049428,
      0.9915352763685351,
      1.0113892922755807,
      1.0151831102324163,
      1.0354388245894461,
      1.0436308515563366,
      1.0543293507196703
    ],
    "total_edge_weight": 199.90588644531192,
    "mean_degree": 8.691560280230954
  },
  "mixed_cs": {
    "action_type": "cs",
    "beta": 1.0,
    "mean_action": 0.3081588110010954,
    "var_action": 0.038788824729241105,
    "free_energy": 0.28876439863647485,
    "log_partition_function": -0.28876439863647485,
    "partition_function": 0.7491886944892775,
    "mean_wilson_loop": 0.34962867959238064,
    "wilson_loop_variance": 0.05494424564349084,
    "mean_acceptance_rate": 0.9996589147286822,
    "n_measurements": 300,
    "n_configs": 3,
    "n_triangles": 395
  },
  "mixed_bf": {
    "action_type": "bf",
    "beta": 1.0,
    "mean_action": 3.0923075697412536,
    "var_action": 0.1880902252661003,
    "free_energy": 2.9982624571082033,
    "log_partition_function": -2.9982624571082033,
    "partition_function": 0.04987365073311349,
    "mean_wilson_loop": 0.3834816222320044,
    "wilson_loop_variance": 0.05949694781725765,
    "mean_acceptance_rate": 0.9993023255813955,
    "n_measurements": 300,
    "n_configs": 3,
    "n_triangles": 395
  },
  "mixed_wilson": {
    "wilson_mean": 1.0965166658982441,
    "wilson_var": 0.06957467136303828,