{
  "label": "3364c1",
  "rank": 0,
  "conductor": 3364,
  "sha_analytic": 49.0,
  "torsion_order": 1,
  "bsd_leading_coefficient": 5.210595695541169,
  "galois_topology": {
    "betti_0": 3,
    "spectral_gap": 3.933652017090106,
    "fiedler_value": 3.933652017090106,
    "cheeger_lower": -1.7237958366522302e-16,
    "cheeger_upper": NaN,
    "laplacian_eigenvalues": [
      2.8827498900245073e-15,
      5.555789721185062e-15,
      1.0294362870126132e-14,
      3.933652017090106,
      4.427012243114413,
      4.913579713207349,
      10.448440969227084,
      10.940867054799277,
      11.156854249502423,
      11.15685424950243,
      11.156854249502434,
      11.156854249512472,
      11.156854249512483,
      11.156854249512492,
      11.948157189498689,
      12.248494737353854,
      12.499999999999993,
      12.499999999999998,
      12.500000000000012,
      12.99999999999998
    ],
    "normalized_eigenvalues": [
      -4.1986599200301634e-16,
      -3.4475916733044604e-16,
      2.526717734838715e-20,
      0.3432143419763151,
      0.40746958700205455,
      0.4598131910406016,
      0.9709530876820839,
      1.0032681155124301,
      1.0119447997309954,
      1.0312522396360373,
      1.0355193438713879,
      1.0830056096084182,
      1.0876113897881023,
      1.0937216641962146,
      1.0958046856728367,
      1.0958046856728394,
      1.0979264603672345,
      1.1016494109023942,
      1.1111111111111105,
      1.1111111111111114
    ],
    "total_edge_weight": 280.06854249507455,
    "mean_degree": 12.73038829523066
  },
  "galois_cs": {
    "action_type": "cs",
    "beta": 1.0,
    "mean_action": 0.9902101595440606,
    "var_action": 0.44403520872424584,
    "free_energy": 0.7681925551819376,
    "log_partition_function": -0.7681925551819376,
    "partition_function": 0.4638506956367929,
    "mean_wilson_loop": 0.3783678405743857,
    "wilson_loop_variance": 0.07246330616571305,
    "mean_acceptance_rate": 0.9992185007974482,
    "n_measurements": 300,
    "n_configs": 3,
    "n_triangles": 497
  },
  "galois_bf": {
    "action_type": "bf",
    "beta": 1.0,
    "mean_action": 4.546248134008962,
    "var_action": 0.39427823539172446,
    "free_energy": 4.3491090163131005,
    "log_partition_function": -4.3491090163131005,
    "partition_function": 0.012918317464509842,
    "mean_wilson_loop": 0.3153532441893143,
    "wilson_loop_variance": 0.057771954321456216,
    "mean_acceptance_rate": 0.9992344497607655,
    "n_measurements": 300,
    "n_configs": 3,
    "n_triangles": 497
  },
  "galois_wilson": {
    "wilson_mean": 1.135062201226521,
    "wilson_var": 0.05413504855447217,
    "wilson_autocorrelation": 0.9499445908790282,
    "action_mean": 2.9813446848878598,
    "action_var": 0.37116061530805344,
    "n_measurements": 60
  },
  "frobenius_angle_topology": {
    "betti_0": 1,
    "spectral_gap": 0.19117945330297875,
    "fiedler_value": 0.19117945330297875,
    "cheeger_lower": 0.011391862847224935,
    "cheeger_upper": 0.21346534001776435,
    "laplacian_eigenvalues": [
      1.1527237497865883e-15,
      0.19117945330297875,
      0.7692483515942757,
      1.7051317852720644,
      2.9440188744433646,
      5.198552257342259,
      7.014243719008828,
      7.819086199207898,
      7.978697616729842,
      8.059035975263454,
      8.167067495648464,
      8.231716097900534,
      8.352170159794044,
      8.395886947727336,
      8.417721614176028,
      8.508283515908303,
      8.53870105709803,
      8.541630979843983,
      8.644645802482668,
      8.651195988881895
    ],
    "normalized_eigenvalues": [
      4.83554168928535e-17,
      0.02278372569444987,
      0.0932335974966558,
      0.20358384915580505,
      0.3583899402827322,
      0.6329794560467256,
      0.8452973344650023,
      0.9724278086097344,
      0.9867407646700702,
      0.9988220183771704,
      1.0103915418790732,
      1.0249516099982678,
      1.0499908877057735,
      1.0773909576779255,
      1.085057819938878,
      1.0997636772864103,
      1.1031191322776064,
      1.103601315294831,
      1.109067760543136,
      1.1128939024298934
    ],
    "total_edge_weight": 187.53600488563316,
    "mean_degree": 8.524363858437873
  },
  "frobenius_angle_cs": {
    "action_type": "cs",
    "beta": 1.0,
    "mean_action": 0.28807304959840224,
    "var_action": 0.027173780680665588,
    "free_energy": 0.27448615925806946,
    "log_partition_function": -0.27448615925806946,
    "partition_function": 0.759962522621284,
    "mean_wilson_loop": 0.35169118337825717,
    "wilson_loop_variance": 0.04374133490117125,
    "mean_acceptance_rate": 0.9996482412060301,
    "n_measurements": 300,
    "n_configs": 3,
    "n_triangles": 404
  },
  "frobenius_angle_bf": {
    "action_type": "bf",
    "beta": 1.0,
    "mean_action": 3.0679021985790245,
    "var_action": 0.18202608290584651,
    "free_energy": 2.9768891571261014,
    "log_partition_function": -2.9768891571261014,
    "partition_function": 0.05095108841506845,
    "mean_wilson_loop": 0.38036684394979936,
    "wilson_loop_variance": 0.05908666143767766,
    "mean_acceptance_rate": 0.9992629815745393,
    "n_measurements": 300,
    "n_configs": 3,
    "n_triangles": 404
  },
  "frobenius_angle_wilson": {
    "wilson_mean": 1.1891340667583925,
    "wilson_var": 0.05202770301625626,
    "wilson_autocorrelation": 0.9281971151116624,
    "action_mean": 1.0106951404896856,
    "action_var": 0.03393459767846834,
    "n_measurements": 60
  },
  "mixed_topology": {
    "betti_0": 2,
    "spectral_gap": 1.0240957932583634,
    "fiedler_value": 1.0240957932583634,
    "cheeger_lower": 3.609313267393371e-16,
    "cheeger_upper": 3.799638544595194e-08,
    "laplacian_eigenvalues": [
      1.7276055444161858e-15,
      1.3802018392231517e-14,
      1.0240957932583634,
      3.2307621141363283,
      3.2902027218767627,
      4.535202477098029,
      6.231003244847411,
      6.338777220796239,
      6.978533308221584,
      7.015500488490342,
      7.296240257309667,
      7.473925908320188,
      7.558592062369606,
      7.610436675267809,
      7.814544641529989,
      7.888970470074413,
      7.944997835060365,
      8.07506480799088,
      8.144479428657297,
      8.346369310248832
    ],
    "normalized_eigenvalues": [
      -1.3660100345248243e-17,
      7.218626534786742e-16,
      0.11169344012406415,
      0.42690181837055796,
      0.44142453432413364,
      0.5861442131813679,
      0.777203051931704,
      0.8181279973167153,
      0.891349356178662,
      0.9354484588050044,
      0.9576325392149839,
      0.9588140211970546,
      0.9677418770123434,
      0.9950652130332783,
      1.0129483506270833,
      1.0206998510649368,
      1.030738369621766,
      1.0486736105973167,
      1.053617061438571,
      1.0779095282219473
    ],
    "total_edge_weight": 185.4899308536062,
    "mean_degree": 8.431360493345737
  },
  "mixed_cs": {
    "action_type": "cs",
    "beta": 1.0,
    "mean_action": 0.23832208611916703,
    "var_action": 0.03911433954828187,
    "free_energy": 0.2187649163450261,
    "log_partition_function": -0.2187649163450261,
    "partition_function": 0.8035105881585057,
    "mean_wilson_loop": 0.27809888442715,
    "wilson_loop_variance": 0.0602884191453101,
    "mean_acceptance_rate": 0.9997166666666667,
    "n_measurements": 300,
    "n_configs": 3,
    "n_triangles": 355
  },
  "mixed_bf": {
    "action_type": "bf",
    "beta": 1.0,
    "mean_action": 3.1830177231914845,
    "var_action": 0.1763885999735919,
    "free_energy": 3.0948234232046885,
    "log_partition_function": -3.0948234232046885,
    "partition_function": 0.04528300768272742,
    "mean_wilson_loop": 0.3299619134625731,
    "wilson_loop_variance": 0.05343836109155581,
    "mean_acceptance_rate": 0.9992666666666665,
    "n_measurements": 300,
    "n_configs": 3,
    "n_triangles": 355
  },
  "mixed_wilson": {
    "wilson_mean": 1.1951874786686862,
    "wilson_var": 0.0499903681969502,