{
  "label": "2932a1",
  "rank": 0,
  "conductor": 2932,
  "sha_analytic": 9.000000000000002,
  "torsion_order": 2,
  "bsd_leading_coefficient": 1.3589541704226502,
  "galois_topology": {
    "betti_0": 3,
    "spectral_gap": 2.116276612301018,
    "fiedler_value": 2.116276612301018,
    "cheeger_lower": 2.2146590049505974e-16,
    "cheeger_upper": 2.976346085354052e-08,
    "laplacian_eigenvalues": [
      1.362563359598012e-15,
      5.035710751182339e-15,
      6.5938340083972715e-15,
      2.116276612301018,
      6.471856234605521,
      7.574465562775024,
      9.985281374253653,
      9.985281374253656,
      10.25277764009071,
      10.978009519912847,
      11.269978042143658,
      11.618947461541095,
      11.999999999999993,
      12.000000000000009,
      12.128695328817145,
      12.499999999999996,
      12.500000000000002,
      12.500000000000007,
      12.500000000000016,
      12.500000000000028
    ],
    "normalized_eigenvalues": [
      -1.0605792561829219e-15,
      4.429318009901195e-16,
      4.442758715570712e-16,
      0.16831619986345922,
      0.6808197866789066,
      0.7303828712371784,
      0.8935128481408409,
      0.9769602736676763,
      1.0000000000000004,
      1.0000000000000013,
      1.0000000000000016,
      1.012415944515488,
      1.043642599683283,
      1.0562840320346476,
      1.0644197676278115,
      1.0681818181818172,
      1.0714285714285712,
      1.0714285714285716,
      1.071428571428572,
      1.071428571428573
    ],
    "total_edge_weight": 305.8969696198358,
    "mean_degree": 13.595420871992701
  },
  "galois_cs": {
    "action_type": "cs",
    "beta": 1.0,
    "mean_action": 1.0468594800625775,
    "var_action": 0.44571817700572314,
    "free_energy": 0.8240003915597158,
    "log_partition_function": -0.8240003915597158,
    "partition_function": 0.4386732748811514,
    "mean_wilson_loop": 0.38974752324779144,
    "wilson_loop_variance": 0.0584512958347193,
    "mean_acceptance_rate": 0.9991407407407407,
    "n_measurements": 300,
    "n_configs": 3,
    "n_triangles": 581
  },
  "galois_bf": {
    "action_type": "bf",
    "beta": 1.0,
    "mean_action": 4.464808010004534,
    "var_action": 0.3511157644088497,
    "free_energy": 4.289250127800109,
    "log_partition_function": -4.289250127800109,
    "partition_function": 0.013715206094007068,
    "mean_wilson_loop": 0.3864175525322786,
    "wilson_loop_variance": 0.04954432865397824,
    "mean_acceptance_rate": 0.9993777777777778,
    "n_measurements": 300,
    "n_configs": 3,
    "n_triangles": 581
  },
  "galois_wilson": {
    "wilson_mean": 1.1457446482821725,
    "wilson_var": 0.041541773038678655,
    "wilson_autocorrelation": 0.9488268151209973,
    "action_mean": 3.1224979889963254,
    "action_var": 0.30667118667769155,
    "n_measurements": 60
  },
  "frobenius_angle_topology": {
    "betti_0": 1,
    "spectral_gap": 0.17876087622538,
    "fiedler_value": 0.17876087622538,
    "cheeger_lower": 0.009392633109994107,
    "cheeger_upper": 0.19383119573478472,
    "laplacian_eigenvalues": [
      8.954642582992278e-15,
      0.17876087622538,
      0.9217726586953363,
      2.666036293197905,
      3.568733956771812,
      4.950883229928028,
      7.487855214400986,
      7.847132230478586,
      7.889487576976353,
      8.022665201457462,
      8.11800071203355,
      8.219693395508873,
      8.301245919026927,
      8.400686871269244,
      8.42441126348261,
      8.44220206415146,
      8.472308850275898,
      8.522303693496305,
      8.783226995545188,
      9.115899149846936
    ],
    "normalized_eigenvalues": [
      -5.204170427930421e-17,
      0.018785266219988214,
      0.10815890941389827,
      0.3171610154514527,
      0.41752267570456614,
      0.602663941610825,
      0.917207076432169,
      0.9611363774534996,
      0.9782142294690926,
      0.9878650948982385,
      0.9945081997535432,
      1.0108908727344528,
      1.0376720491187412,
      1.0472086029729057,
      1.0505043425002825,
      1.0652831436330112,
      1.0747009154611378,
      1.0854598317635555,
      1.0886161851770804,
      1.1019342162047256
    ],
    "total_edge_weight": 210.2788314184043,
    "mean_degree": 9.34572584081797
  },
  "frobenius_angle_cs": {
    "action_type": "cs",
    "beta": 1.0,
    "mean_action": 0.26181484053368925,
    "var_action": 0.03617911177718435,
    "free_energy": 0.24372528464509707,
    "log_partition_function": -0.24372528464509707,
    "partition_function": 0.7837028999134071,
    "mean_wilson_loop": 0.3059774593939348,
    "wilson_loop_variance": 0.06242706647817311,
    "mean_acceptance_rate": 0.9996726190476191,
    "n_measurements": 300,
    "n_configs": 3,
    "n_triangles": 520
  },
  "frobenius_angle_bf": {
    "action_type": "bf",
    "beta": 1.0,
    "mean_action": 3.1192598845858366,
    "var_action": 0.19966774867491427,
    "free_energy": 3.0194260102483796,
    "log_partition_function": -3.0194260102483796,
    "partition_function": 0.04882923780188572,
    "mean_wilson_loop": 0.3431918730407737,
    "wilson_loop_variance": 0.05939495484514882,
    "mean_acceptance_rate": 0.9993898809523809,
    "n_measurements": 300,
    "n_configs": 3,
    "n_triangles": 520
  },
  "frobenius_angle_wilson": {
    "wilson_mean": 1.1351633209147367,
    "wilson_var": 0.041389235189769495,
    "wilson_autocorrelation": 0.9075336931597263,
    "action_mean": 0.961204391026991,
    "action_var": 0.02910037598750448,
    "n_measurements": 60
  },
  "mixed_topology": {
    "betti_0": 1,
    "spectral_gap": 0.05187519064364308,
    "fiedler_value": 0.05187519064364308,
    "cheeger_lower": 0.002969454485373536,
    "cheeger_upper": 0.10898540242387576,
    "laplacian_eigenvalues": [
      9.416079027602109e-15,
      0.05187519064364308,
      1.8663817428098202,
      2.340478029489637,
      4.240250569546822,
      4.9248368961964415,
      5.637001937419651,
      6.243869645985902,
      6.635825925780615,
      7.258056691179134,
      7.412894950174644,
      7.514851321125439,
      7.526276649143812,
      7.8378340515747515,
      7.9820837827390045,
      8.196070340843216,
      8.302994870704003,
      8.41091567351582,
      8.554426395747232,
      8.635701162604354
    ],
    "normalized_eigenvalues": [
      1.0690233420707074e-15,
      0.005938908970747072,
      0.23271451940667998,
      0.2813748737854332,
      0.5586113746935325,
      0.5778614163147212,
      0.797616476792204,
      0.853032851412772,
      0.8731341926523095,
      0.8892115795911468,
      0.920706319453912,
      0.9323375156450943,
      0.9379893106597602,
      0.9535459655753592,
      0.9797289359951915,
      0.993592930608152,
      1.0043848669006081,
      1.0326315590488213,
      1.0457123033602869,
      1.0566711780130416
    ],
    "total_edge_weight": 196.41913583922204,
    "mean_degree": 8.72973937063209
  },
  "mixed_cs": {
    "action_type": "cs",
    "beta": 1.0,
    "mean_action": 0.23096322117191245,
    "var_action": 0.04861080747014872,
    "free_energy": 0.2066578174368381,
    "log_partition_function": -0.2066578174368381,
    "partition_function": 0.8132978987385252,
    "mean_wilson_loop": 0.2770931746789092,
    "wilson_loop_variance": 0.07134850142670128,
    "mean_acceptance_rate": 0.9998113207547169,
    "n_measurements": 300,
    "n_configs": 3,
    "n_triangles": 363
  },
  "mixed_bf": {
    "action_type": "bf",
    "beta": 1.0,
    "mean_action": 3.1709790051914055,
    "var_action": 0.16383602274917233,
    "free_energy": 3.0890609938168194,
    "log_partition_function": -3.0890609938168194,
    "partition_function": 0.045544701087713246,
    "mean_wilson_loop": 0.3387519030736999,
    "wilson_loop_variance": 0.05253017763657466,
    "mean_acceptance_rate": 0.9994025157232704,
    "n_measurements": 300,
    "n_configs": 3,
    "n_triangles": 363
  },
  "mixed_wilson": {
    "wilson_mean": 1.1231343109393288,
    "wilson_var": 0.06342189391955375,