{
  "label": "681b1",
  "rank": 0,
  "conductor": 681,
  "sha_analytic": 9.000000000000002,
  "torsion_order": 4,
  "bsd_leading_coefficient": 0.9224076030634104,
  "galois_topology": {
    "betti_0": 4,
    "spectral_gap": 5.8411643205183665,
    "fiedler_value": 5.8411643205183665,
    "cheeger_lower": -1.092858067566841e-16,
    "cheeger_upper": NaN,
    "laplacian_eigenvalues": [
      2.247755505673487e-16,
      1.1657364970881922e-15,
      1.4138435295488217e-15,
      3.0473587886013174e-15,
      5.8411643205183665,
      8.227922061380468,
      10.571067811878036,
      10.571067811878038,
      10.571067811878041,
      10.686097884890437,
      10.999999999999996,
      11.000000000000002,
      11.156854249502425,
      11.156854249502432,
      11.156854249502441,
      11.156854249502448,
      11.999999999999986,
      12.0,
      12.000000000000014,
      12.292065376302215
    ],
    "normalized_eigenvalues": [
      -4.868973267485233e-16,
      -2.185716135133682e-16,
      -1.3877787807814457e-17,
      5.551387109335661e-17,
      0.5434514363084477,
      0.8825969357157203,
      0.9418047167614253,
      0.999999999999998,
      1.0,
      1.0000000000000009,
      1.0307102386458664,
      1.0789473684210522,
      1.0789473684210529,
      1.0789473684210533,
      1.0909090909090884,
      1.0909090909090893,
      1.0909090909090895,
      1.0909090909090902,
      1.0909090909090904,
      1.0909090909090904
    ],
    "total_edge_weight": 294.78427124751215,
    "mean_degree": 13.101523166556095
  },
  "galois_cs": {
    "action_type": "cs",
    "beta": 1.0,
    "mean_action": 0.9254078415943663,
    "var_action": 0.4242983087356951,
    "free_energy": 0.7132586872265188,
    "log_partition_function": -0.7132586872265188,
    "partition_function": 0.4900446903568274,
    "mean_wilson_loop": 0.3148946600384596,
    "wilson_loop_variance": 0.05859430576983638,
    "mean_acceptance_rate": 0.9991153238546603,
    "n_measurements": 300,
    "n_configs": 3,
    "n_triangles": 554
  },
  "galois_bf": {
    "action_type": "bf",
    "beta": 1.0,
    "mean_action": 4.680853826436453,
    "var_action": 0.42371164354834306,
    "free_energy": 4.468998004662282,
    "log_partition_function": -4.468998004662282,
    "partition_function": 0.011458791756059083,
    "mean_wilson_loop": 0.3400758524211689,
    "wilson_loop_variance": 0.062088487700360316,
    "mean_acceptance_rate": 0.9993996840442338,
    "n_measurements": 300,
    "n_configs": 3,
    "n_triangles": 554
  },
  "galois_wilson": {
    "wilson_mean": 1.1469449881158817,
    "wilson_var": 0.06113643926506952,
    "wilson_autocorrelation": 0.944922616092132,
    "action_mean": 3.3315089185284705,
    "action_var": 0.4260537834275278,
    "n_measurements": 60
  },
  "frobenius_angle_topology": {
    "betti_0": 1,
    "spectral_gap": 0.15339865007352574,
    "fiedler_value": 0.15339865007352574,
    "cheeger_lower": 0.00890233102869634,
    "cheeger_upper": 0.1887043298782128,
    "laplacian_eigenvalues": [
      3.0964814046186007e-15,
      0.15339865007352574,
      0.5244107003932752,
      1.9455318049779171,
      3.0907297676466237,
      4.621671245445257,
      6.179559503462152,
      7.292941066805418,
      7.790367970504772,
      7.849676708722958,
      7.995661500908952,
      8.1546602035047,
      8.305054727113015,
      8.433330834468276,
      8.468154004340965,
      8.478747255396632,
      8.514113335376285,
      8.525674331111308,
      8.551569502154866,
      8.562592908580331
    ],
    "normalized_eigenvalues": [
      -4.399692415946177e-16,
      0.01780466205739268,
      0.05999381150529971,
      0.2458686944021351,
      0.39140436743492873,
      0.5943127665654102,
      0.7836857060602851,
      0.9204232919434758,
      0.9727732337724481,
      0.9958440878602538,
      0.9988357709535418,
      1.0199576260350443,
      1.0311780615413024,
      1.0582659175589861,
      1.0809360501221912,
      1.0815922282990849,
      1.0886545369694307,
      1.096280711060308,
      1.101486310421637,
      1.115117860044623
    ],
    "total_edge_weight": 193.1397936549708,
    "mean_degree": 8.583990829109812
  },
  "frobenius_angle_cs": {
    "action_type": "cs",
    "beta": 1.0,
    "mean_action": 0.3128260481426789,
    "var_action": 0.03779141177524337,
    "free_energy": 0.2939303422550572,
    "log_partition_function": -0.2939303422550572,
    "partition_function": 0.7453284075311992,
    "mean_wilson_loop": 0.36698502824069834,
    "wilson_loop_variance": 0.05842713427969851,
    "mean_acceptance_rate": 0.9997560975609758,
    "n_measurements": 300,
    "n_configs": 3,
    "n_triangles": 430
  },
  "frobenius_angle_bf": {
    "action_type": "bf",
    "beta": 1.0,
    "mean_action": 3.1214185554191003,
    "var_action": 0.18685509179853174,
    "free_energy": 3.0279910095198344,
    "log_partition_function": -3.0279910095198344,
    "partition_function": 0.04841280135042298,
    "mean_wilson_loop": 0.3552391377745612,
    "wilson_loop_variance": 0.061804748949113565,
    "mean_acceptance_rate": 0.9994634146341462,
    "n_measurements": 300,
    "n_configs": 3,
    "n_triangles": 430
  },
  "frobenius_angle_wilson": {
    "wilson_mean": 1.2117703241965054,
    "wilson_var": 0.042481691404118775,
    "wilson_autocorrelation": 0.9484991319853594,
    "action_mean": 1.0246043901915232,
    "action_var": 0.028436881127510846,
    "n_measurements": 60
  },
  "mixed_topology": {
    "betti_0": 1,
    "spectral_gap": 0.0600264031535354,
    "fiedler_value": 0.0600264031535354,
    "cheeger_lower": 0.0033669582254439107,
    "cheeger_upper": 0.11605099267897558,
    "laplacian_eigenvalues": [
      4.0592529337857286e-16,
      0.0600264031535354,
      1.4732489272114766,
      2.218134961288288,
      5.259926040988717,
      5.3275616479118195,
      5.882863378878881,
      6.858055133695459,
      6.87791974453811,
      7.148108656899591,
      7.271751730704368,
      7.3991409596732565,
      7.449425233942312,
      7.592444263208137,
      7.934935532636597,
      7.980513382271593,
      8.386608371899799,
      8.455018453159468,
      8.505983437444216,
      8.658139387551987
    ],
    "normalized_eigenvalues": [
      1.5113778284447932e-16,
      0.006733916450887821,
      0.1648855734900187,
      0.2883840527855959,
      0.6963613744504613,
      0.7123071332297815,
      0.746099155896114,
      0.810929511150505,
      0.8844856106207781,
      0.9036816781149709,
      0.9118926877567913,
      0.924921950932318,
      0.9478678052165971,
      0.9643201009944058,
      0.969024820665159,
      0.9850455504330168,
      1.0062151067024987,
      1.0163847906374526,
      1.0326353129049717,
      1.0467982015916188
    ],
    "total_edge_weight": 199.49105233556304,
    "mean_degree": 8.86626899269169
  },
  "mixed_cs": {
    "action_type": "cs",
    "beta": 1.0,
    "mean_action": 0.26685697518564344,
    "var_action": 0.03873947674928931,
    "free_energy": 0.2474872368109988,
    "log_partition_function": -0.2474872368109988,
    "partition_function": 0.7807601857371487,
    "mean_wilson_loop": 0.3113537522900957,
    "wilson_loop_variance": 0.060209814001133795,
    "mean_acceptance_rate": 0.9997376543209877,
    "n_measurements": 300,
    "n_configs": 3,
    "n_triangles": 396
  },
  "mixed_bf": {
    "action_type": "bf",
    "beta": 1.0,
    "mean_action": 3.072283479836456,
    "var_action": 0.21880771009611227,
    "free_energy": 2.9628796247883997,
    "log_partition_function": -2.9628796247883997,
    "partition_function": 0.05166991277566988,
    "mean_wilson_loop": 0.37994697212377077,
    "wilson_loop_variance": 0.06520314473033312,
    "mean_acceptance_rate": 0.9991975308641975,
    "n_measurements": 300,
    "n_configs": 3,
    "n_triangles": 396
  },
  "mixed_wilson": {
    "wilson_mean": 1.1764614472963233,
    "wilson_var": 0.05418950992979426,
    "wilson_autocorrelation": 0.9494635979656311,