{
  "label": "1246b1",
  "rank": 0,
  "conductor": 1246,
  "sha_analytic": 25.000000000000007,
  "torsion_order": 2,
  "bsd_leading_coefficient": 2.0874028107278484,
  "galois_topology": {
    "betti_0": 3,
    "spectral_gap": 2.5103395404887303,
    "fiedler_value": 2.5103395404887303,
    "cheeger_lower": -3.3165772605592454e-17,
    "cheeger_upper": NaN,
    "laplacian_eigenvalues": [
      4.122239341867708e-15,
      4.840089066142118e-15,
      5.247595014547881e-15,
      2.5103395404887303,
      6.577450370260853,
      7.115407684103557,
      9.399494936646867,
      10.049495172052163,
      10.686445868430164,
      10.808315380222012,
      11.671192866987091,
      12.328427124751203,
      12.32842712475121,
      12.328427124751212,
      12.32842712475122,
      12.328427124751222,
      12.872831116523768,
      13.301424066914294,
      13.499999999999991,
      13.499999999999996
    ],
    "normalized_eigenvalues": [
      -2.0660260627569295e-16,
      -6.633154521118491e-17,
      2.789687395227894e-16,
      0.2187514141619605,
      0.6159423784253328,
      0.792129028581294,
      0.9046144327972803,
      0.9837831510223605,
      0.9952008125615456,
      1.011547039008626,
      1.020411157854172,
      1.0340890870404162,
      1.0673239569904105,
      1.0833333333333337,
      1.0857864376268318,
      1.08814627101662,
      1.09375,
      1.0976266277698377,
      1.097857398400479,
      1.0978573984004794
    ],
    "total_edge_weight": 285.5979797465522,
    "mean_degree": 13.283626964955914
  },
  "galois_cs": {
    "action_type": "cs",
    "beta": 1.0,
    "mean_action": 1.0626879342987001,
    "var_action": 0.48986220161069527,
    "free_energy": 0.8177568334933525,
    "log_partition_function": -0.8177568334933525,
    "partition_function": 0.44142072495196966,
    "mean_wilson_loop": 0.3733882209000024,
    "wilson_loop_variance": 0.061826503813502,
    "mean_acceptance_rate": 0.9991666666666666,
    "n_measurements": 300,
    "n_configs": 3,
    "n_triangles": 512
  },
  "galois_bf": {
    "action_type": "bf",
    "beta": 1.0,
    "mean_action": 4.721177899542833,
    "var_action": 0.4797708210244226,
    "free_energy": 4.481292489030622,
    "log_partition_function": -4.481292489030622,
    "partition_function": 0.011318774304799798,
    "mean_wilson_loop": 0.30586706794163404,
    "wilson_loop_variance": 0.06614095900524676,
    "mean_acceptance_rate": 0.9989262820512821,
    "n_measurements": 300,
    "n_configs": 3,
    "n_triangles": 512
  },
  "galois_wilson": {
    "wilson_mean": 1.152310446249422,
    "wilson_var": 0.053475155793807634,
    "wilson_autocorrelation": 0.9483542257935826,
    "action_mean": 3.272161191178729,
    "action_var": 0.375125292717014,
    "n_measurements": 60
  },
  "frobenius_angle_topology": {
    "betti_0": 1,
    "spectral_gap": 0.12325871552957704,
    "fiedler_value": 0.12325871552957704,
    "cheeger_lower": 0.006865875125687134,
    "cheeger_upper": 0.16572115285246036,
    "laplacian_eigenvalues": [
      6.181687106643352e-15,
      0.12325871552957704,
      0.5720239461044075,
      1.9233857892754909,
      4.378621631458429,
      6.444414565462556,
      6.750590316971813,
      7.78194297663812,
      8.056465592368285,
      8.210623036901955,
      8.246284190678653,
      8.348057250731312,
      8.472887210537985,
      8.50480003748342,
      8.536160475719914,
      8.750410950355347,
      8.761824904549485,
      8.761824904549488,
      8.997012095603955,
      9.056697375293245
    ],
    "normalized_eigenvalues": [
      -9.454242944073599e-17,
      0.013731750251374268,
      0.06488133822601418,
      0.23017114143113154,
      0.54058686579437,
      0.7664891773832133,
      0.8268740438708394,
      0.980111755177252,
      1.0030605360057032,
      1.0159019052706857,
      1.0193996287691574,
      1.0349219212790397,
      1.0386900233519467,
      1.0459905095864246,
      1.0858839104278415,
      1.094310282317896,
      1.0957222239925417,
      1.1021741383405876,
      1.1043150516872668,
      1.1053962492502747
    ],
    "total_edge_weight": 192.98918354462637,
    "mean_degree": 8.976241095098901
  },
  "frobenius_angle_cs": {
    "action_type": "cs",
    "beta": 1.0,
    "mean_action": 0.2794418700501023,
    "var_action": 0.03863278015017233,
    "free_energy": 0.2601254799750161,
    "log_partition_function": -0.2601254799750161,
    "partition_function": 0.7709548403397797,
    "mean_wilson_loop": 0.3271060620943614,
    "wilson_loop_variance": 0.057426091292638405,
    "mean_acceptance_rate": 0.9997712418300654,
    "n_measurements": 300,
    "n_configs": 3,
    "n_triangles": 460
  },
  "frobenius_angle_bf": {
    "action_type": "bf",
    "beta": 1.0,
    "mean_action": 3.1619171755430813,
    "var_action": 0.18966672400956103,
    "free_energy": 3.067083813538301,
    "log_partition_function": -3.067083813538301,
    "partition_function": 0.04655672517885514,
    "mean_wilson_loop": 0.3304558422561739,
    "wilson_loop_variance": 0.057129717800842826,
    "mean_acceptance_rate": 0.9995098039215687,
    "n_measurements": 300,
    "n_configs": 3,
    "n_triangles": 460
  },
  "frobenius_angle_wilson": {
    "wilson_mean": 1.1033802680486509,
    "wilson_var": 0.07667911349824164,
    "wilson_autocorrelation": 0.9637324480943373,
    "action_mean": 0.9411496991288455,
    "action_var": 0.05152581110226235,
    "n_measurements": 60
  },
  "mixed_topology": {
    "betti_0": 2,
    "spectral_gap": 0.5674082909328234,
    "fiedler_value": 0.5674082909328234,
    "cheeger_lower": 4.444660927031542e-16,
    "cheeger_upper": 4.216472899014788e-08,
    "laplacian_eigenvalues": [
      1.778247944325978e-15,
      3.887671691113775e-15,
      0.5674082909328234,
      2.458225664077762,
      5.099371251474118,
      5.566898189713857,
      6.351664823653469,
      6.791894754674658,
      6.884068628968138,
      7.185776544255792,
      7.665310165232655,
      7.739099137557039,
      7.827954610737418,
      8.073348449400783,
      8.127952906009932,
      8.254044771344391,
      8.485429092894316,
      8.500555324702075,
      8.888736302739318,
      8.931234569226614
    ],
    "normalized_eigenvalues": [
      5.821133222220241e-16,
      8.889321854063084e-16,
      0.0638329598344328,
      0.31904115256430243,
      0.6786004021751914,
      0.7438544624567288,
      0.7903911339376651,
      0.8568417360452004,
      0.8983404096183291,
      0.935172844143507,
      0.945832465275916,
      0.9638024312283675,
      0.9802701222946005,
      1.0118925769897291,
      1.0121293473928004,
      1.0419586654355626,
      1.047927572241879,
      1.0608826771064646,
      1.0861944715816836,
      1.0922036134380368
    ],
    "total_edge_weight": 188.6834847320308,
    "mean_degree": 8.775976034047943
  },
  "mixed_cs": {
    "action_type": "cs",
    "beta": 1.0,
    "mean_action": 0.3204142215057145,
    "var_action": 0.050366847820045454,
    "free_energy": 0.2952307975956918,
    "log_partition_function": -0.2952307975956918,
    "partition_function": 0.7443597711937595,
    "mean_wilson_loop": 0.371807450435123,
    "wilson_loop_variance": 0.06572611022212958,
    "mean_acceptance_rate": 0.9997844112769485,
    "n_measurements": 300,
    "n_configs": 3,
    "n_triangles": 410
  },
  "mixed_bf": {
    "action_type": "bf",
    "beta": 1.0,
    "mean_action": 3.163366524288849,
    "var_action": 0.2055703559883719,
    "free_energy": 3.060581346294663,
    "log_partition_function": -3.060581346294663,
    "partition_function": 0.04686044515373704,
    "mean_wilson_loop": 0.34312792223299443,
    "wilson_loop_variance": 0.06340158629921432,
    "mean_acceptance_rate": 0.9994859038142621,
    "n_measurements": 300,
    "n_configs": 3,
    "n_triangles": 410
  },
  "mixed_wilson": {
    "wilson_mean": 1.1396722765074796,
    "wilson_var": 0.05029407080324875,
    "wilson_autocorrelation": 0.94911566051473,