{
  "label": "1058d1",
  "rank": 0,
  "conductor": 1058,
  "sha_analytic": 25.000000000000004,
  "torsion_order": 1,
  "bsd_leading_coefficient": 2.485360027852036,
  "galois_topology": {
    "betti_0": 3,
    "spectral_gap": 1.3310739114378576,
    "fiedler_value": 1.3310739114378576,
    "cheeger_lower": 8.423751681759412e-17,
    "cheeger_upper": 1.835619969575338e-08,
    "laplacian_eigenvalues": [
      1.9516757562429144e-15,
      3.0116719457436197e-15,
      4.6486212349540946e-15,
      1.3310739114378576,
      3.7697402385653036,
      6.72792206137065,
      11.74264068712682,
      11.742640687126823,
      11.742640687126825,
      11.742640687126828,
      11.794453635958885,
      12.328427124756233,
      12.328427124756239,
      12.328427124756242,
      12.477682708059236,
      12.914213562378107,
      12.914213562378112,
      12.914213562378114,
      12.914213562378114,
      12.95301295327957
    ],
    "normalized_eigenvalues": [
      -1.8660054282355223e-16,
      1.6847503363518823e-16,
      4.3625724307850446e-16,
      0.1127485833891835,
      0.3316015081858756,
      0.6390414249319578,
      0.9896549621122641,
      1.0195442942113164,
      1.042868048667836,
      1.0482460465721164,
      1.0900306332671008,
      1.1155154021517075,
      1.1155154021517082,
      1.1155154021517084,
      1.1155154021517089,
      1.1167071033750329,
      1.1249999999999998,
      1.1250000000000002,
      1.1250000000000002,
      1.125000000000001
    ],
    "total_edge_weight": 265.4680374317038,
    "mean_degree": 12.066728974168354
  },
  "galois_cs": {
    "action_type": "cs",
    "beta": 1.0,
    "mean_action": 0.9036308707894011,
    "var_action": 0.39306195934578253,
    "free_energy": 0.7070998911165098,
    "log_partition_function": -0.7070998911165098,
    "partition_function": 0.49307208868476066,
    "mean_wilson_loop": 0.3601341959505904,
    "wilson_loop_variance": 0.0679478397232726,
    "mean_acceptance_rate": 0.9991414141414142,
    "n_measurements": 300,
    "n_configs": 3,
    "n_triangles": 462
  },
  "galois_bf": {
    "action_type": "bf",
    "beta": 1.0,
    "mean_action": 4.515983610853872,
    "var_action": 0.41671627251705823,
    "free_energy": 4.307625474595342,
    "log_partition_function": -4.307625474595342,
    "partition_function": 0.01346548580069266,
    "mean_wilson_loop": 0.32294256759788303,
    "wilson_loop_variance": 0.06264534597019096,
    "mean_acceptance_rate": 0.9989225589225589,
    "n_measurements": 300,
    "n_configs": 3,
    "n_triangles": 462
  },
  "galois_wilson": {
    "wilson_mean": 1.1078511771711101,
    "wilson_var": 0.05869857813783784,
    "wilson_autocorrelation": 0.9668204576922546,
    "action_mean": 2.8390193737257627,
    "action_var": 0.2942803847375293,
    "n_measurements": 60
  },
  "frobenius_angle_topology": {
    "betti_0": 1,
    "spectral_gap": 0.10525124241343099,
    "fiedler_value": 0.10525124241343099,
    "cheeger_lower": 0.0056495211868387825,
    "cheeger_upper": 0.15032659361322312,
    "laplacian_eigenvalues": [
      1.4224732503009818e-15,
      0.10525124241343099,
      1.2408108809701872,
      1.6562966433624284,
      4.327913794660467,
      6.286370661985954,
      7.89670303819411,
      8.071101429943628,
      8.174812962116707,
      8.29702913064268,
      8.330221381116099,
      8.358789103723973,
      8.389486984424947,
      8.398969306000566,
      8.43644211795426,
      8.553374718640852,
      8.609311540024603,
      8.623891023091725,
      8.700484777886826,
      8.714124870732082
    ],
    "normalized_eigenvalues": [
      5.327769475593769e-16,
      0.011299042373677565,
      0.14455145865653002,
      0.1979168006048792,
      0.48326213717025407,
      0.7292459694642914,
      0.9243691438580133,
      0.9649892107013864,
      0.9911611105406609,
      1.0055128303701784,
      1.014293218596128,
      1.024483341403991,
      1.055432914398015,
      1.0740515176793588,
      1.0780999208292166,
      1.084102277410822,
      1.0950257821151976,
      1.0953993266175048,
      1.0957303857260772,
      1.0959909358751052
    ],
    "total_edge_weight": 205.5351429326011,
    "mean_degree": 9.342506496936414
  },
  "frobenius_angle_cs": {
    "action_type": "cs",
    "beta": 1.0,
    "mean_action": 0.3028355890265161,
    "var_action": 0.03953792284200465,
    "free_energy": 0.28306662760551377,
    "log_partition_function": -0.28306662760551377,
    "partition_function": 0.7534695843130346,
    "mean_wilson_loop": 0.36212888674673427,
    "wilson_loop_variance": 0.062193410630675496,
    "mean_acceptance_rate": 0.9996347031963471,
    "n_measurements": 300,
    "n_configs": 3,
    "n_triangles": 513
  },
  "frobenius_angle_bf": {
    "action_type": "bf",
    "beta": 1.0,
    "mean_action": 3.2142974253017886,
    "var_action": 0.1878246290260127,
    "free_energy": 3.1203851107887823,
    "log_partition_function": -3.1203851107887823,
    "partition_function": 0.04414016629179394,
    "mean_wilson_loop": 0.2959846551299325,
    "wilson_loop_variance": 0.06397039991048435,
    "mean_acceptance_rate": 0.9994520547945206,
    "n_measurements": 300,
    "n_configs": 3,
    "n_triangles": 513
  },
  "frobenius_angle_wilson": {
    "wilson_mean": 1.1758820650261492,
    "wilson_var": 0.05298295500806885,
    "wilson_autocorrelation": 0.9626603639984517,
    "action_mean": 0.9759049462079811,
    "action_var": 0.03996947512381296,
    "n_measurements": 60
  },
  "mixed_topology": {
    "betti_0": 2,
    "spectral_gap": 2.014815984645758,
    "fiedler_value": 2.014815984645758,
    "cheeger_lower": -3.448382564493441e-17,
    "cheeger_upper": NaN,
    "laplacian_eigenvalues": [
      1.1114332422424306e-15,
      2.6763275861760254e-15,
      2.014815984645758,
      2.6348209379321617,
      2.8747385637727385,
      4.798263840187344,
      6.150146563859963,
      6.497595251897153,
      6.970919088415426,
      7.170494568786038,
      7.269174068827725,
      7.784631140555091,
      7.796623611391294,
      7.892675140332026,
      8.095607841407656,
      8.104057110675875,
      8.31979340775677,
      8.323470086472078,
      8.434288882919253,
      8.484659891880357
    ],
    "normalized_eigenvalues": [
      -4.0742520521290204e-16,
      -6.896765128986881e-17,
      0.24992952873320196,
      0.32122993848868514,
      0.36118290135707676,
      0.6427182596457396,
      0.7982114666890265,
      0.8061838681751414,
      0.9008687621568573,
      0.9253417745792841,
      0.939395641142138,
      0.9638660893777855,
      0.969648942980362,
      1.0052625335878849,
      1.0190407235464387,
      1.0256130078293053,
      1.0270540395065855,
      1.0487652131645655,
      1.0591890049681976,
      1.0628739878804765
    ],
    "total_edge_weight": 185.8078822974331,
    "mean_degree": 8.445812831701504
  },
  "mixed_cs": {
    "action_type": "cs",
    "beta": 1.0,
    "mean_action": 0.30209336052212304,
    "var_action": 0.04237164476814134,
    "free_energy": 0.28090753813805236,
    "log_partition_function": -0.28090753813805236,
    "partition_function": 0.7550981500334718,
    "mean_wilson_loop": 0.3614498220001547,
    "wilson_loop_variance": 0.05879429290491248,
    "mean_acceptance_rate": 0.9995544554455446,
    "n_measurements": 300,
    "n_configs": 3,
    "n_triangles": 339
  },
  "mixed_bf": {
    "action_type": "bf",
    "beta": 1.0,
    "mean_action": 3.1260211844367727,
    "var_action": 0.21293412680826526,
    "free_energy": 3.01955412103264,
    "log_partition_function": -3.01955412103264,
    "partition_function": 0.0488229826506208,
    "mean_wilson_loop": 0.33732816308612845,
    "wilson_loop_variance": 0.06747560903443313,
    "mean_acceptance_rate": 0.9994224422442244,
    "n_measurements": 300,
    "n_configs": 3,
    "n_triangles": 339
  },
  "mixed_wilson": {
    "wilson_mean": 1.1084489299131082,
    "wilson_var": 0.053002755633884825,