{
  "label": "11a1",
  "rank": 0,
  "conductor": 11,
  "sha_analytic": 1.0000000000000002,
  "torsion_order": 5,
  "bsd_leading_coefficient": 0.2538418608559107,
  "galois_topology": {
    "betti_0": 3,
    "spectral_gap": 3.9175727848049675,
    "fiedler_value": 3.9175727848049675,
    "cheeger_lower": 1.1428740702183172e-16,
    "cheeger_upper": 2.138105769337258e-08,
    "laplacian_eigenvalues": [
      2.3032426949284395e-15,
      5.6451279027054236e-15,
      1.439701062935621e-14,
      3.9175727848049675,
      4.84946419217195,
      5.246369233962615,
      10.436380828738434,
      10.819232942511912,
      10.869944671260802,
      10.940573432554473,
      11.15685424951249,
      11.499999999999996,
      11.499999999999998,
      11.500000000000018,
      11.556421850287236,
      11.877313513977018,
      12.139815339950795,
      12.328427124751208,
      12.328427124751226,
      12.615967190302234
    ],
    "normalized_eigenvalues": [
      2.0269185025048151e-16,
      2.2857481404366344e-16,
      6.667333283269447e-16,
      0.3428151558986849,
      0.4313465483560104,
      0.4874817117406143,
      0.9594122908514983,
      0.9661495727954343,
      0.995369524176554,
      1.0000000000000009,
      1.024418920088706,
      1.0264520123383127,
      1.0382703633766168,
      1.044854022523949,
      1.0466335684179955,
      1.0749999999999993,
      1.0789473684210524,
      1.0909627295320485,
      1.0999794264307146,
      1.099999999999999
    ],
    "total_edge_weight": 292.06854249507455,
    "mean_degree": 12.980824110892202
  },
  "galois_cs": {
    "action_type": "cs",
    "beta": 1.0,
    "mean_action": 0.9389639664267873,
    "var_action": 0.4034557844052332,
    "free_energy": 0.7372360742241706,
    "log_partition_function": -0.7372360742241706,
    "partition_function": 0.4784344470550625,
    "mean_wilson_loop": 0.34661903551384804,
    "wilson_loop_variance": 0.056889559232114605,
    "mean_acceptance_rate": 0.9991090629800308,
    "n_measurements": 300,
    "n_configs": 3,
    "n_triangles": 506
  },
  "galois_bf": {
    "action_type": "bf",
    "beta": 1.0,
    "mean_action": 4.65526715283526,
    "var_action": 0.3784257475546266,
    "free_energy": 4.466054279057947,
    "log_partition_function": -4.466054279057947,
    "partition_function": 0.011492572991695954,
    "mean_wilson_loop": 0.2951921620468862,
    "wilson_loop_variance": 0.05808097705788031,
    "mean_acceptance_rate": 0.9991244239631336,
    "n_measurements": 300,
    "n_configs": 3,
    "n_triangles": 506
  },
  "galois_wilson": {
    "wilson_mean": 1.1874573196386073,
    "wilson_var": 0.054872479546023804,
    "wilson_autocorrelation": 0.9392014851537929,
    "action_mean": 3.214191035323903,
    "action_var": 0.35378741331166885,
    "n_measurements": 60
  },
  "frobenius_angle_topology": {
    "betti_0": 1,
    "spectral_gap": 0.16303357533345963,
    "fiedler_value": 0.16303357533345963,
    "cheeger_lower": 0.009044951679529362,
    "cheeger_upper": 0.1902099017352079,
    "laplacian_eigenvalues": [
      3.684552662974738e-15,
      0.16303357533345963,
      0.8989506716126902,
      1.883599588203744,
      3.38505996677174,
      5.661489440824634,
      6.707952451928954,
      7.521489750664513,
      7.7640674417216005,
      7.977428201464003,
      8.144333252094023,
      8.17045392445762,
      8.212228141884042,
      8.255345808723467,
      8.368219503569714,
      8.549828004567805,
      8.67149896896905,
      8.671498968969052,
      8.807239845566585,
      8.871593762210786
    ],
    "normalized_eigenvalues": [
      3.8380756905986857e-16,
      0.018089903359058725,
      0.10768657968646923,
      0.22050858995859315,
      0.41459941528034616,
      0.6582477303866912,
      0.8014181228006577,
      0.9276851884279065,
      0.9652204984757469,
      0.9774381849050265,
      1.0087151011376778,
      1.0250294466983054,
      1.0446808962507554,
      1.050259380001147,
      1.055904203425284,
      1.0720282313107923,
      1.088954970290042,
      1.092930600675463,
      1.1014980394390363,
      1.1035121579404474
    ],
    "total_edge_weight": 200.6468749448169,
    "mean_degree": 8.917638886436308
  },
  "frobenius_angle_cs": {
    "action_type": "cs",
    "beta": 1.0,
    "mean_action": 0.291312721022447,
    "var_action": 0.041908234437074664,
    "free_energy": 0.27035860380390964,
    "log_partition_function": -0.27035860380390964,
    "partition_function": 0.763105792624528,
    "mean_wilson_loop": 0.3450449244622866,
    "wilson_loop_variance": 0.06273664952616166,
    "mean_acceptance_rate": 0.9996244131455398,
    "n_measurements": 300,
    "n_configs": 3,
    "n_triangles": 456
  },
  "frobenius_angle_bf": {
    "action_type": "bf",
    "beta": 1.0,
    "mean_action": 3.0723249503429475,
    "var_action": 0.19293223037687057,
    "free_energy": 2.9758588351545123,
    "log_partition_function": -2.9758588351545123,
    "partition_function": 0.05100361149413368,
    "mean_wilson_loop": 0.3723114292407655,
    "wilson_loop_variance": 0.0590990496274959,
    "mean_acceptance_rate": 0.9993740219092331,
    "n_measurements": 300,
    "n_configs": 3,
    "n_triangles": 456
  },
  "frobenius_angle_wilson": {
    "wilson_mean": 1.097178130589641,
    "wilson_var": 0.0652341664767286,
    "wilson_autocorrelation": 0.9614405286890194,
    "action_mean": 0.9239090081373278,
    "action_var": 0.04181740752751133,
    "n_measurements": 60
  },
  "mixed_topology": {
    "betti_0": 2,
    "spectral_gap": 0.8539019181383222,
    "fiedler_value": 0.8539019181383222,
    "cheeger_lower": 5.134781554365664e-16,
    "cheeger_upper": 4.532011277287674e-08,
    "laplacian_eigenvalues": [
      1.1760885169748754e-15,
      3.8352840808455535e-15,
      0.8539019181383222,
      2.354084305601831,
      4.252456238329326,
      4.6226139210662875,
      6.353134142850504,
      6.958607631110696,
      7.116267817958862,
      7.374752581213733,
      7.5186015624404865,
      7.872313015153961,
      7.966070350022632,
      8.030543353183427,
      8.091825487980486,
      8.338087864234117,
      8.406863823700027,
      8.432444987998029,
      8.583210885180744,
      8.6834155096214
    ],
    "normalized_eigenvalues": [
      -1.1102230377200198e-15,
      1.0269563108731328e-15,
      0.10013380389485196,
      0.2946463992379718,
      0.5746690403686082,
      0.5978333770539287,
      0.7938977363208736,
      0.872393200365286,
      0.9022725624107754,
      0.9064089291505977,
      0.9554354514502371,
      0.9556591157592715,
      0.9764764255935798,
      0.986608539561346,
      0.9957341143241694,
      0.9993572573773464,
      1.0093776568598885,
      1.0317265164674065,
      1.055261817252564,
      1.071199719218076
    ],
    "total_edge_weight": 195.39689291543024,
    "mean_degree": 8.684306351796899
  },
  "mixed_cs": {
    "action_type": "cs",
    "beta": 1.0,
    "mean_action": 0.29166429448706926,
    "var_action": 0.03727150130707221,
    "free_energy": 0.27302854383353314,
    "log_partition_function": -0.27302854383353314,
    "partition_function": 0.7610710634331483,
    "mean_wilson_loop": 0.33061862919741447,
    "wilson_loop_variance": 0.052389044386021044,
    "mean_acceptance_rate": 0.999665071770335,
    "n_measurements": 300,
    "n_configs": 3,
    "n_triangles": 387
  },
  "mixed_bf": {
    "action_type": "bf",
    "beta": 1.0,
    "mean_action": 3.1500968001010112,
    "var_action": 0.22801416206842576,
    "free_energy": 3.036089719066798,
    "log_partition_function": -3.036089719066798,
    "partition_function": 0.04802230353249834,
    "mean_wilson_loop": 0.3614070475700763,
    "wilson_loop_variance": 0.06592008626318051,
    "mean_acceptance_rate": 0.9994258373205741,
    "n_measurements": 300,
    "n_configs": 3,
    "n_triangles": 387
  },
  "mixed_wilson": {
    "wilson_mean": 1.1778365172282959,
    "wilson_var": 0.03935244790540116,