{
  "n_zeros": 2000,
  "n_spacings": 1999,
  "mean_spacing": 0.9999709786077245,
  "std_spacing": 0.38452313166602875,
  "ks_gue_statistic": 0.041131381083361646,
  "ks_gue_pvalue": 0.0022431863887520825,
  "ks_poisson_statistic": 0.31608720302699617,
  "ks_poisson_pvalue": 4.7642918382347743e-178,
  "histogram_bins": [
    0.025,
    0.07500000000000001,
    0.125,
    0.17500000000000002,
    0.225,
    0.275,
    0.32500000000000007,
    0.375,
    0.42500000000000004,
    0.475,
    0.525,
    0.5750000000000001,
    0.625,
    0.675,
    0.7250000000000001,
    0.775,
    0.8250000000000001,
    0.875,
    0.925,
    0.9750000000000001,
    1.025,
    1.0750000000000002,
    1.125,
    1.1750000000000003,
    1.225,
    1.275,
    1.3250000000000002,
    1.375,
    1.4250000000000003,
    1.475,
    1.525,
    1.5750000000000002,
    1.625,
    1.6750000000000003,
    1.725,
    1.775,
    1.8250000000000002,
    1.875,
    1.9250000000000003,
    1.975,
    2.0250000000000004,
    2.075,
    2.125,
    2.175,
    2.225,
    2.2750000000000004,
    2.325,
    2.375,
    2.4250000000000003,
    2.475,
    2.5250000000000004,
    2.575,
    2.625,
    2.6750000000000003,
    2.725,
    2.7750000000000004,
    2.825,
    2.875,
    2.9250000000000003,
    2.975,
    3.0250000000000004,
    3.075,
    3.125,
    3.1750000000000003,
    3.225,
    3.2750000000000004,
    3.325,
    3.375,
    3.4250000000000003,
    3.475,
    3.5250000000000004,
    3.575,
    3.625,
    3.6750000000000003,
    3.725,
    3.7750000000000004,
    3.825,
    3.875,
    3.9250000000000003,
    3.975
  ],
  "histogram_values": [
    0.0,
    0.010005002501250625,
    0.010005002501250622,
    0.04002001000500251,
    0.10005002501250629,
    0.12006003001500741,
    0.13006503251625814,
    0.40020010005002515,
    0.3801900950475238,
    0.41020510255127574,
    0.5902951475737863,
    0.6203101550775382,
    0.8104052026013017,
    0.8704352176088036,
    1.1505752876438236,
    1.0105052526263123,
    1.100550275137568,
    1.110555277638821,
    0.9804902451225603,
    1.0705352676338182,
    0.8704352176088036,
    0.9704852426213098,
    0.7003501750875432,
    0.860430215107553,
    0.7103551775887968,
    0.730365182591295,
    0.5302651325662827,
    0.5802901450725357,
    0.6403201600800394,
    0.4802401200600317,
    0.24012006003001482,
    0.23011505752876418,
    0.25012506253126543,
    0.24012006003001482,
    0.19009504752376255,
    0.15007503751875922,
    0.23011505752876418,
    0.07003501750875432,
    0.09004502251125554,
    0.12006003001500792,
    0.070035017508754,
    0.03001500750375198,
    0.020010005002501323,
    0.05002501250625287,
    0.020010005002501323,
    0.0,
    0.0,
    0.0,
    0.0,
    0.010005002501250661,
    0.0,
    0.0,
    0.0,
    0.0,
    0.0,
    0.0,
    0.0,
    0.0,
    0.0,
    0.0,
    0.0,
    0.0,
    0.0,
    0.0,
    0.0,
    0.0,
    0.0,
    0.0,
    0.0,
    0.0,
    0.0,
    0.0,
    0.0,
    0.0,
    0.0,
    0.0,
    0.0,
    0.0,
    0.0,
    0.0
  ],
  "gue_theoretical": [
    0.002024811737578825,
    0.018107660970323222,
    0.04966269058995261,
    0.09549747801406576,
    0.15389397704599478,
    0.22268858304669273,
    0.2993715038294819,
    0.38119977940007427,
    0.465317653048759,
    0.5488777767795459,
    0.6291569368866089,
    0.7036605800151783,
    0.7702113474776312,
    0.8270180050364501,
    0.8727224914770929,
    0.9064242007998433,
    0.9276819610429055,
    0.9364953891648535,
    0.9332683141703012,
    0.9187577187943944,
    0.8940121257644362,
    0.8603035433510952,
    0.8190570033495229,
    0.7717814073472412,
    0.7200048918752786,
    0.665217285496452,
    0.6088215194429304,
    0.5520951242968053,
    0.4961622484257364,
    0.4419760102499767,
    0.39031047571082667,
    0.3417611526380617,
    0.2967526218988458,
    0.25555177805287127,
    0.2182851183831148,
    0.18495858132942647,
    0.15547857261998635,
    0.12967300745918633,
    0.10731141818230537,
    0.08812340904740067,
    0.07181496661943731,
    0.05808234253743757,
    0.04662340627643467,
    0.037146513513063945,
    0.029377048910158604,
    0.02306188134216497,
    0.01797201766549217,
    0.013903762375877881,
    0.010678689938821482,
    0.00814271950633862,
    0.00616455321718149,
    0.004633703878301168,
    0.00345829939611697,
    0.0025628129234659992,
    0.0018858315645771148,
    0.0013779441407495779,
    0.0009998008174172972,
    0.0007203746512344315,
    0.0005154372504842345,
    0.00036624738538993935,
    0.00025844199110661175,
    0.0001811129412356658,
    0.0001260495806012987,
    8.712567078038977e-05,
    5.980956210526313e-05,
    4.077758467593267e-05,
    2.761245932051948e-05,
    1.8570664318360616e-05,
    1.2404930295147356e-05,
    8.230216904649661e-06,
    5.423549245851272e-06,
    3.549901600472123e-06,
    2.3078858133641137e-06,
    1.4903293384215461e-06,
    9.559266783223344e-07,
    6.090396950292787e-07,
    3.854334666727221e-07,
    2.42292519568564e-07,
    1.5129381019565678e-07,
    9.384184663769346e-08
  ],
  "poisson_theoretical": [
    0.9753099120283326,
    0.9277434863285529,
    0.8824969025845955,
    0.8394570207692074,
    0.7985162187593771,
    0.7595721232249685,
    0.7225273536420721,
    0.6872892787909722,
    0.6537697851298473,
    0.6218850564650201,
    0.5915553643668151,
    0.5627048688069557,
    0.5352614285189903,
    0.5091564206075492,
    0.4843245689553624,
    0.4607037809989658,
    0.4382349924649492,
    0.4168620196785084,
    0.39653141907499284,
    0.3771923535631569,
    0.3587964654059516,
    0.3412977553009936,
    0.32465246735834974,
    0.30881897968801975,
    0.29375770032353277,
    0.27943096822140734,
    0.26580295908892654,
    0.25283959580474646,
    0.24050846320834207,
    0.22877872704522242,
    0.2176210568652329,
    0.2070075526811526,
    0.19691167520419406,
    0.18730817948195697,
    0.1781730517728984,
    0.1694834494994701,
    0.16121764412977674,
    0.15335496684492847,
    0.14587575685622733,
    0.13876131224295524,
    0.13199384318783017,
    0.1255564274931972,
    0.11943296826671962,
    0.11360815367076377,
    0.10806741863482926,
    0.10279690843528635,
    0.09778344405135005,
    0.09301448921066349,
    0.08847811904208727,
    0.08416299025731036,
    0.08005831278672051,
    0.07615382279861033,
    0.07243975703425146,
    0.06890682839466256,
    0.06554620271802433,
    0.0623494766896734,
    0.05930865682943872,
    0.05641613950377735,
    0.05366469191273011,
    0.051047434004154395,
    0.048557821270009946,
    0.0461896283816801,
    0.04393693362340742,
    0.041794104084919896,
    0.039755781576221304,
    0.03781686922932507,
    0.035972518753429654,
    0.03421811831166603,
    0.03254928098910342,
    0.030961833823176882,
    0.02945180736910728,
    0.028015425774221808,
    0.026649097336355485,
    0.02534940552272493,
    0.024113100426816865,
    0.02293709064192892,
    0.021818435531042762,
    0.020754337873699742,
    0.019742136871492774,
    0.0187793014946844
  ]
}