{
  "aligned": 0.004800338367546195,
  "gradient_ascent": 0.004629420761667613,
  "eigenvalue_search": 0.005689858306734409
}