{
  "20": {
    "omega_m": 0.1494601871728485,
    "p_R": 0.5000000000000001,
    "dh_phi_norm": 0.06280821781597634,
    "dh_pi_norm": 0.32213719911365746,
    "probes": {
      "1": {
        "disc_vac_l2": 1.2332832301772796,
        "disc_exc_l2": 0.31190129067568256,
        "delta_disc_l2": 1.0185360419212632,
        "delta_disc_linf": 1.5004496047272333,
        "max_dC_loc": 1.1562201467761548,
        "max_dC_full": 0.6056618070355057
      },
      "2": {
        "disc_vac_l2": 1.1727284186120923,
        "disc_exc_l2": 0.27367239271283006,
        "delta_disc_l2": 0.9649828135047972,
        "delta_disc_linf": 1.155551514614501,
        "max_dC_loc": 1.0458825707961374,
        "max_dC_full": 0.5521622926612803
      },
      "3": {
        "disc_vac_l2": 1.1292080004022205,
        "disc_exc_l2": 0.3276636420703171,
        "delta_disc_l2": 0.9738394763465468,
        "delta_disc_linf": 1.482965976033443,
        "max_dC_loc": 1.1481525037538958,
        "max_dC_full": 0.4779103571305269
      },
      "5": {
        "disc_vac_l2": 1.2364493851655618,
        "disc_exc_l2": 0.5894039840814568,
        "delta_disc_l2": 1.2291085753457587,
        "delta_disc_linf": 1.5652799122926655,
        "max_dC_loc": 0.7482793948307961,
        "max_dC_full": 0.29479738094416086
      }
    }
  },
  "30": {
    "omega_m": 0.10129833767742542,
    "p_R": 0.5000000000000001,
    "dh_phi_norm": 0.030706976169867985,
    "dh_pi_norm": 0.3102645534073285,
    "probes": {
      "1": {
        "disc_vac_l2": 1.386469427556423,
        "disc_exc_l2": 0.44300448862260555,
        "delta_disc_l2": 0.7555234063101769,
        "delta_disc_linf": 1.1840354658679915,
        "max_dC_loc": 1.1671842108953288,
        "max_dC_full": 0.6222881011847154
      },
      "2": {
        "disc_vac_l2": 1.2145658511463766,
        "disc_exc_l2": 0.4607016801857582,
        "delta_disc_l2": 0.7694094223306174,
        "delta_disc_linf": 0.9929163288315721,
        "max_dC_loc": 1.1172418095651853,
        "max_dC_full": 0.5968784429781847
      },
      "3": {
        "disc_vac_l2": 1.2028348814579664,
        "disc_exc_l2": 0.42546457879163446,
        "delta_disc_l2": 0.7775778911091022,
        "delta_disc_linf": 1.130481651174302,
        "max_dC_loc": 1.103108071735932,
        "max_dC_full": 0.5600697335306162
      },
      "7": {
        "disc_vac_l2": 1.2766418479198725,
        "disc_exc_l2": 0.4745958682113711,
        "delta_disc_l2": 0.9127608878430966,
        "delta_disc_linf": 1.7393027149713403,
        "max_dC_loc": 0.7877627851904804,
        "max_dC_full": 0.33457517121497105
      }
    }
  },
  "50": {
    "omega_m": 0.061590117112340706,
    "p_R": 0.5,
    "dh_phi_norm": 0.01746336701088331,
    "dh_pi_norm": 0.30582598236626124,
    "probes": {
      "1": {
        "disc_vac_l2": 1.4885263491337246,
        "disc_exc_l2": 0.5771091728815884,
        "delta_disc_l2": 0.5450162210741966,
        "delta_disc_linf": 1.3784600879991722,
        "max_dC_loc": 1.1552801188916564,
        "max_dC_full": 0.6312997491639352
      },
      "2": {
        "disc_vac_l2": 1.2915020067272274,
        "disc_exc_l2": 0.6225980178993163,
        "delta_disc_l2": 0.6639999943585302,
        "delta_disc_linf": 1.5218909334983475,
        "max_dC_loc": 1.176980787065708,
        "max_dC_full": 0.6217390418447474
      },
      "6": {
        "disc_vac_l2": 1.1470765677616694,
        "disc_exc_l2": 0.572065226524393,
        "delta_disc_l2": 0.7211431948617434,
        "delta_disc_linf": 1.6189063146680407,
        "max_dC_loc": 1.0595420682236831,
        "max_dC_full": 0.5399815735299277
      },
      "12": {
        "disc_vac_l2": 1.2158026684109806,
        "disc_exc_l2": 0.6368268280827968,
        "delta_disc_l2": 0.8174536281137871,
        "delta_disc_linf": 1.995635149170796,
        "max_dC_loc": 0.7759197689469518,
        "max_dC_full": 0.3281641400025376
      }
    }
  },
  "80": {
    "omega_m": 0.03878266354364874,
    "p_R": 0.5,
    "dh_phi_norm": 0.018429557374254116,
    "dh_pi_norm": 0.30455031276862726,
    "probes": {
      "1": {
        "disc_vac_l2": 1.4613335627483475,
        "disc_exc_l2": 0.5874589266380319,
        "delta_disc_l2": 0.42261460870287043,
        "delta_disc_linf": 0.8445282052456801,
        "max_dC_loc": 1.1396580864930497,
        "max_dC_full": 0.634507243992709
      },
      "2": {
        "disc_vac_l2": 1.3138963018582013,
        "disc_exc_l2": 0.6014575487951882,
        "delta_disc_l2": 0.4899065914059236,
        "delta_disc_linf": 1.1785238113942083,
        "max_dC_loc": 1.1832754366336118,
        "max_dC_full": 0.6306926825431157
      },
      "10": {
        "disc_vac_l2": 1.1352551584505892,
        "disc_exc_l2": 0.628480204731901,
        "delta_disc_l2": 0.6548303006023878,
        "delta_disc_linf": 1.3918192265303104,
        "max_dC_loc": 1.105336505657263,
        "max_dC_full": 0.5367810278154209
      },
      "20": {
        "disc_vac_l2": 1.2090298412285678,
        "disc_exc_l2": 0.6955241415520224,
        "delta_disc_l2": 0.8286554020448237,
        "delta_disc_linf": 2.4033702276618296,
        "max_dC_loc": 0.7560961775658044,
        "max_dC_full": 0.31215699873330216
      }
    }
  },
  "100": {
    "omega_m": 0.031103623840701745,
    "p_R": 0.5000000000000001,
    "dh_phi_norm": 0.01576483911307194,
    "dh_pi_norm": 0.3044672884450591,
    "probes": {
      "1": {
        "disc_vac_l2": 1.4372668527998003,
        "disc_exc_l2": 0.5947211935188297,
        "delta_disc_l2": 0.3946907797999237,
        "delta_disc_linf": 0.8147228697714983,
        "max_dC_loc": 1.1331774634014162,
        "max_dC_full": 0.6352605258002316
      },
      "2": {
        "disc_vac_l2": 1.3042889623699605,
        "disc_exc_l2": 0.5945224946171812,
        "delta_disc_l2": 0.44996075100315785,
        "delta_disc_linf": 1.0279380499679338,
        "max_dC_loc": 1.1863343564248268,
        "max_dC_full": 0.6328034219484556
      },
      "12": {
        "disc_vac_l2": 1.1528426004377503,
        "disc_exc_l2": 0.6437310126117448,
        "delta_disc_l2": 0.6496818997119553,
        "delta_disc_linf": 1.5657494096772022,
        "max_dC_loc": 1.0067262988426873,
        "max_dC_full": 0.54515438328311
      },
      "25": {
        "disc_vac_l2": 1.228213101734205,
        "disc_exc_l2": 0.7313517446674512,
        "delta_disc_l2": 0.8585551022652506,
        "delta_disc_linf": 2.5085858839523194,
        "max_dC_loc": 0.7566206741725757,
        "max_dC_full": 0.31337222354168426
      }
    }
  },
  "150": {
    "omega_m": 0.020804874124928333,
    "p_R": 0.5,
    "dh_phi_norm": 0.018005171961926362,
    "dh_pi_norm": 0.3050120530627902,
    "probes": {
      "1": {
        "disc_vac_l2": 1.3909648365009102,
        "disc_exc_l2": 0.5929181050335962,
        "delta_disc_l2": 0.35725406404121673,
        "delta_disc_linf": 0.7831358066725643,
        "max_dC_loc": 1.1234083765608234,
        "max_dC_full": 0.6360114205323317
      },
      "2": {
        "disc_vac_l2": 1.2928519464639923,
        "disc_exc_l2": 0.5860512919116654,
        "delta_disc_l2": 0.37726715297321217,
        "delta_disc_linf": 1.0205610343605078,
        "max_dC_loc": 1.1721935876067195,
        "max_dC_full": 0.6349104871284845
      },
      "18": {
        "disc_vac_l2": 1.1314414918074267,
        "disc_exc_l2": 0.6633835171210853,
        "delta_disc_l2": 0.5941168300425186,
        "delta_disc_linf": 1.3542670349211006,
        "max_dC_loc": 1.0834277076096206,
        "max_dC_full": 0.5468834049916536
      },
      "37": {
        "disc_vac_l2": 1.1545754356715523,
        "disc_exc_l2": 0.7467631841744735,
        "delta_disc_l2": 0.8615574316679696,
        "delta_disc_linf": 2.8838383165021644,
        "max_dC_loc": 0.7638675379336606,
        "max_dC_full": 0.32162688549726526
      }
    }
  },
  "200": {
    "omega_m": 0.015629655104767652,
    "p_R": 0.5000000000000001,
    "dh_phi_norm": 0.018416106009670082,