{
  "zeros": [
    {
      "sigma": 0.50156639093536,
      "t": 75.91138802354365,
      "residual": 9.443374781961678e-15,
      "derivative_abs": 3.652727247702415,
      "derivative_arg": -0.2752353231171713,
      "chi_approx": 0.9961046465731876,
      "ratio_deriv_to_chi": 3.6670115537243757
    },
    {
      "sigma": 0.5032026409009156,
      "t": 8.936993158898112,
      "residual": 1.792505808768785e-15,
      "derivative_abs": 2.135766597644178,
      "derivative_arg": -0.0020183578079129103,
      "chi_approx": 0.9988722750947369,
      "ratio_deriv_to_chi": 2.1381778740846658
    },
    {
      "sigma": 0.5007832324607107,
      "t": 89.43733952398685,
      "residual": 4.3178231163778475e-14,
      "derivative_abs": 4.621441427024025,
      "derivative_arg": -0.3310115620272203,
      "chi_approx": 0.9979221616472267,
      "ratio_deriv_to_chi": 4.631064029478624
    },
    {
      "sigma": 0.5023096189155843,
      "t": 99.68152732627436,
      "residual": 6.114525142424802e-14,
      "derivative_abs": 3.8000256512262083,
      "derivative_arg": -0.45958915406496204,
      "chi_approx": 0.9936363093029926,
      "ratio_deriv_to_chi": 3.824362712642634
    }
  ],
  "kappa": 0.28407904384041227,
  "N_terms": 5000
}