{
  "sigmas": [
    0.6,
    0.7,
    0.8
  ],
  "conditional": {
    "0.6": {
      "0.01": {
        "count": 0,
        "total": 3301,
        "fraction": 0,
        "min_derivative": null,
        "max_derivative": null,
        "mean_derivative": null
      },
      "0.05": {
        "count": 0,
        "total": 3301,
        "fraction": 0,
        "min_derivative": null,
        "max_derivative": null,
        "mean_derivative": null
      },
      "0.1": {
        "count": 7,
        "total": 3301,
        "fraction": 0.0021205695243865495,
        "min_derivative": 0.6920503522549587,
        "max_derivative": 1.0957904272291195,
        "mean_derivative": 0.8406756797357965
      },
      "0.5": {
        "count": 734,
        "total": 3301,
        "fraction": 0.2223568615571039,
        "min_derivative": 0.03333399038303987,
        "max_derivative": 3.9634064188963,
        "mean_derivative": 1.625380179106527
      },
      "1.0": {
        "count": 1678,
        "total": 3301,
        "fraction": 0.5083308088458043,
        "min_derivative": 0.03333399038303987,
        "max_derivative": 6.827632268233105,
        "mean_derivative": 2.267853715874449
      },
      "2.0": {
        "count": 2560,
        "total": 3301,
        "fraction": 0.7755225689185096,
        "min_derivative": 0.03333399038303987,
        "max_derivative": 10.773971040845458,
        "mean_derivative": 3.0565724432431782
      }
    },
    "0.7": {
      "0.01": {
        "count": 0,
        "total": 3301,
        "fraction": 0,
        "min_derivative": null,
        "max_derivative": null,
        "mean_derivative": null
      },
      "0.05": {
        "count": 0,
        "total": 3301,
        "fraction": 0,
        "min_derivative": null,
        "max_derivative": null,
        "mean_derivative": null
      },
      "0.1": {
        "count": 0,
        "total": 3301,
        "fraction": 0,
        "min_derivative": null,
        "max_derivative": null,
        "mean_derivative": null
      },
      "0.5": {
        "count": 576,
        "total": 3301,
        "fraction": 0.17449257800666465,
        "min_derivative": 0.05512950191028593,
        "max_derivative": 2.101182029845517,
        "mean_derivative": 0.9006059546524067
      },
      "1.0": {
        "count": 1745,
        "total": 3301,
        "fraction": 0.5286276885792184,
        "min_derivative": 0.01386382958069258,
        "max_derivative": 4.053064372151001,
        "mean_derivative": 1.2857580044028885
      },
      "2.0": {
        "count": 2726,
        "total": 3301,
        "fraction": 0.8258103604968191,
        "min_derivative": 0.01386382958069258,
        "max_derivative": 7.430990163487423,
        "mean_derivative": 1.8777481474233062
      }
    },
    "0.8": {
      "0.01": {
        "count": 0,
        "total": 3301,
        "fraction": 0,
        "min_derivative": null,
        "max_derivative": null,
        "mean_derivative": null
      },
      "0.05": {
        "count": 0,
        "total": 3301,
        "fraction": 0,
        "min_derivative": null,
        "max_derivative": null,
        "mean_derivative": null
      },
      "0.1": {
        "count": 0,
        "total": 3301,
        "fraction": 0,
        "min_derivative": null,
        "max_derivative": null,
        "mean_derivative": null
      },
      "0.5": {
        "count": 443,
        "total": 3301,
        "fraction": 0.1342017570433202,
        "min_derivative": 0.05514327437324243,
        "max_derivative": 1.7342041994756991,
        "mean_derivative": 0.6722025142257021
      },
      "1.0": {
        "count": 1758,
        "total": 3301,
        "fraction": 0.5325658891245078,
        "min_derivative": 0.009099633652997078,
        "max_derivative": 2.756695538913284,
        "mean_derivative": 0.8612757710833062
      },
      "2.0": {
        "count": 2832,
        "total": 3301,
        "fraction": 0.8579218418661012,
        "min_derivative": 0.009099633652997078,
        "max_derivative": 5.20918738933723,
        "mean_derivative": 1.2606582755551603
      }
    }
  },
  "chi_constraints": {
    "0.6": [
      {
        "t": 100,
        "chi": 0.7582600244819185,
        "typical_mirror_deriv": 9.549925860214358,
        "required_deriv_at_zero": 7.241327016566647
      },
      {
        "t": 500,
        "chi": 0.6455367826024383,
        "typical_mirror_deriv": 21.013350382410746,
        "required_deriv_at_zero": 13.564890597559149
      },
      {
        "t": 1000,
        "chi": 0.602307108190907,
        "typical_mirror_deriv": 29.512092266663856,
        "required_deriv_at_zero": 17.775342949797537
      },
      {
        "t": 5000,
        "chi": 0.5127680848519349,
        "typical_mirror_deriv": 64.93746070857163,
        "required_deriv_at_zero": 33.29785736268205
      },
      {
        "t": 10000,
        "chi": 0.4784295401165888,
        "typical_mirror_deriv": 91.20108393559097,
        "required_deriv_at_zero": 43.633292645439205
      }
    ],
    "0.7": [
      {
        "t": 100,
        "chi": 0.5749582072301449,
        "typical_mirror_deriv": 9.549925860214358,
        "required_deriv_at_zero": 5.490808251769647
      },
      {
        "t": 500,
        "chi": 0.4167177360258351,
        "typical_mirror_deriv": 21.013350382410746,
        "required_deriv_at_zero": 8.756635797675823
      },
      {
        "t": 1000,
        "chi": 0.36277385221451913,
        "typical_mirror_deriv": 29.512092266663856,
        "required_deriv_at_zero": 10.706215398487966
      },
      {
        "t": 5000,
        "chi": 0.2629311088322039,
        "typical_mirror_deriv": 64.93746070857163,
        "required_deriv_at_zero": 17.074078548852412
      },
      {
        "t": 10000,
        "chi": 0.22889482485388168,
        "typical_mirror_deriv": 91.20108393559097,
        "required_deriv_at_zero": 20.875456133921258
      }
    ],
    "0.8": [
      {
        "t": 100,
        "chi": 0.43596769349726966,
        "typical_mirror_deriv": 9.549925860214358,
        "required_deriv_at_zero": 4.163459150347583
      },
      {
        "t": 500,
        "chi": 0.26900662333940734,
        "typical_mirror_deriv": 21.013350382410746,
        "required_deriv_at_zero": 5.652730431420158
      },
      {
        "t": 1000,
        "chi": 0.21850126919909846,
        "typical_mirror_deriv": 29.512092266663856,
        "required_deriv_at_zero": 6.448429616986951
      },
      {
        "t": 5000,
        "chi": 0.134822681107706,
        "typical_mirror_deriv": 64.93746070857163,
        "required_deriv_at_zero": 8.755042557055942
      },
      {
        "t": 10000,
        "chi": 0.10951004578662436,
        "typical_mirror_deriv": 91.20108393559097,
        "required_deriv_at_zero": 9.987434877576339
      }
    ]
  },
  "correlations": {
    "0.6": {
      "pearson_abs": 0.9485803919614169,
      "pearson_log": 0.8524398673996613,
      "mean_abs_zeta": 1.4836117336521852,
      "mean_abs_zeta_prime": 4.793001528086349,
      "std_abs_zeta": 1.4948338899704963,
      "std_abs_zeta_prime": 4.424568306030102
    },
    "0.7": {
      "pearson_abs": 0.9571743453221091,
      "pearson_log": 0.8578176146709598,
      "mean_abs_zeta": 1.317645261051067,
      "mean_abs_zeta_prime": 2.8944036858581,
      "std_abs_zeta": 1.1224373935407843,
      "std_abs_zeta_prime": 2.8947686395432966
    },
    "0.8": {
      "pearson_abs": 0.9315480948521095,
      "pearson_log": 0.8054294191146137,
      "mean_abs_zeta": 1.22665735025106,
      "mean_abs_zeta_prime": 1.8733257207061182,
      "std_abs_zeta": 0.8841490105371753,
      "std_abs_zeta_prime": 1.96221518958514
    }
  },
  "accessibility": {
    "0.6": {
      "near_zero_count": 734,
      "accessible_count": 734
    },
    "0.7": {
      "near_zero_count": 576,
      "accessible_count": 576
    },
    "0.8": {
      "near_zero_count": 443,
      "accessible_count": 443
    }
  }
}