{
  "constraint_1_beta": 1.6754094966141417,
  "constraint_1_gue_beta": 1.7854925928388894,
  "constraint_3_chi2_gue": 4.446501855438196,
  "constraint_3_ks_gue": 0.027675805631034556,
  "constraint_4_gue_better": true,
  "constraint_5_beta": 1.6754094966141417,
  "constraint_6_nv": {
    "0.5": 0.28309703433268724,
    "1.0": 0.3654578151965292,
    "1.5": 0.40375003696803013,
    "2.0": 0.45267986186738135,
    "3.0": 0.45454545454545453,
    "4.0": 0.5584421970528938,
    "5.0": 0.48473292277564484
  },
  "constraint_7_d3": {
    "5": 0.011552781020123682,
    "10": 0.01043030260635052,
    "15": 0.008487975157824481,
    "20": 0.007906082920435114,
    "25": 0.006208745940753113
  },
  "constraint_8_ff": {},
  "constraint_2_mrd": 0.9959013660673625
}